timestamp,user_id,user_role,lead_row_id,field_changed,old_value,new_value
2026-03-16T09:22:20.604Z,sr05,super_admin,uwocl2ilsn,lead_status,,Warm
2026-03-16T09:28:40.598Z,sr05,super_admin,qie73i30bx,lead_status,,Warm
2026-03-16T10:09:10.616Z,sr05,super_admin,pkkur6fpuf,lead_status,,Warm
2026-03-16T10:29:40.907Z,sr05,super_admin,gxbbl03bap,lead_status,,Cold
2026-03-16T10:53:43.606Z,sr05,super_admin,cjtj09oqs0,lead_status,,Warm
2026-03-16T10:58:34.858Z,sr05,super_admin,zle8qn92wp,lead_status,,Warm
2026-03-16T11:02:41.042Z,sr05,super_admin,8jfj0lpv14,lead_status,,Not Interested
2026-03-16T11:09:22.654Z,sr05,super_admin,cs1scow5fp,lead_status,,Converted
2026-03-16T11:14:25.240Z,sr05,super_admin,1mf9huuic0,lead_status,,Warm
2026-03-16T11:46:08.301Z,sr05,super_admin,8lqmnk55db,lead_status,,Warm
2026-03-16T12:01:40.951Z,sr05,super_admin,jgwdwp64wr,lead_status,,Warm
2026-03-16T12:05:13.233Z,sr05,super_admin,stxmicuiex,lead_status,,Converted
2026-03-16T12:26:14.049Z,sr05,super_admin,0vry8fp6q5,lead_status,,Not Interested
2026-03-16T12:42:24.774Z,sr05,super_admin,cz6j0jtl13,lead_status,,Warm
2026-03-16T12:50:56.193Z,sr05,super_admin,jz9iys7e83,lead_status,,Cold
2026-03-16T13:12:53.529Z,sr05,super_admin,s2i93xavkp,lead_status,,Hot
2026-03-16T13:19:49.668Z,sr05,super_admin,dk3u9dio31,lead_status,,Warm
2026-03-16T13:23:14.724Z,sr05,super_admin,vwzow7te1y,lead_status,,Warm
2026-03-16T13:25:35.477Z,sr05,super_admin,25q9s5jr13,lead_status,,Not Interested
2026-03-16T13:52:18.215Z,sr05,super_admin,38bhwqucqn,lead_status,,Hot
2026-03-16T13:54:40.239Z,sr05,super_admin,xwnmrgcazo,lead_status,,Hot
2026-03-17T07:47:15.744Z,sr05,super_admin,5n9reu8zu2,lead_status,,Warm
2026-03-17T07:56:04.151Z,sr05,super_admin,wge8ip065q,lead_status,,Warm
2026-03-17T08:23:02.909Z,sr05,super_admin,ea17e6e5rv,lead_status,,Warm
2026-03-17T09:13:56.518Z,sr05,super_admin,ibv4f6o4ty,lead_status,,Not Interested
2026-03-17T09:22:20.837Z,sr05,super_admin,tmukel7mk2,lead_status,,Warm
2026-03-17T09:25:01.480Z,sr05,super_admin,afrt7r87kj,lead_status,,Hot
2026-03-17T09:33:15.728Z,sr05,super_admin,2p5eujjk8x,lead_status,,Warm
2026-03-17T10:51:39.052Z,sr05,super_admin,79i5or256l,lead_status,,Converted
2026-03-17T11:01:03.657Z,sr05,super_admin,bwesbkv0sp,lead_status,,Warm
2026-03-17T11:30:44.426Z,sr05,super_admin,ehmjr9o2x3,lead_status,,Cold
2026-03-17T11:37:34.029Z,sr05,super_admin,kskej7wjsp,lead_status,,Warm
2026-03-17T11:51:39.539Z,sr05,super_admin,j72t2alut2,lead_status,,Converted
2026-03-17T12:18:25.121Z,sr05,super_admin,8l6bmghorx,lead_status,,Warm
2026-03-17T13:19:16.511Z,sr05,super_admin,wykw3evt6d,lead_status,,Warm
2026-03-17T13:32:47.864Z,sr05,super_admin,b0oucpasvs,lead_status,,Warm
2026-03-17T14:06:55.817Z,sr05,super_admin,cp905k9wk2,lead_status,,Warm
2026-03-18T06:16:55.486Z,sr06,sales_rep,fjoy5x8bt1,updated,,remarks
2026-03-18T06:17:07.227Z,sr06,sales_rep,fjoy5x8bt1,updated,,"call_status,meaningful_connect"
2026-03-18T06:38:40.791Z,sr06,sales_rep,c98v9hw61p,updated,,"call_status,remarks"
2026-03-18T06:52:18.219Z,sr06,sales_rep,icejua7agl,updated,,"call_status,remarks"
2026-03-18T07:29:45.599Z,sr06,sales_rep,ixz3lnwx2q,updated,,"call_status,remarks"
2026-03-18T07:50:28.937Z,sr06,sales_rep,t25swgfd4m,updated,,"meaningful_connect,lead_quality,call_status,lead_status,remarks"
2026-03-18T07:58:02.923Z,sr06,sales_rep,ixz3lnwx2q,updated,,"remarks,call_status,meaningful_connect,lead_quality,lead_status"
2026-03-18T07:59:40.176Z,sr06,sales_rep,d8wvd4cct2,updated,,"call_status,remarks"
2026-03-18T08:47:59.035Z,sr06,sales_rep,6tage29f2m,updated,,"call_status,remarks"
2026-03-18T09:47:00.280Z,sr06,sales_rep,kuuljc6ye2,updated,,"meaningful_connect,lead_quality,call_status,lead_status,remarks"
2026-03-18T09:48:13.697Z,sr07,sales_rep,itlt8bppig,updated,,"meaningful_connect,lead_quality,call_status,lead_status,remarks"
2026-03-18T09:49:11.719Z,sr07,sales_rep,ch2419eggs,updated,,"meaningful_connect,lead_quality,call_status,lead_status,remarks"
2026-03-18T09:50:48.107Z,sr07,sales_rep,5rhw4pcweh,updated,,"call_status,remarks"
2026-03-18T09:52:06.132Z,sr07,sales_rep,lak9qykjbq,updated,,meaningful_connect
2026-03-18T09:53:02.584Z,sr07,sales_rep,xw5chmk6jb,updated,,remarks
2026-03-18T09:55:25.638Z,sr06,sales_rep,qhxc0i68z2,updated,,"meaningful_connect,lead_quality,call_status,lead_status,remarks"
2026-03-18T09:55:42.161Z,sr07,sales_rep,a38t64prx7,updated,,"meaningful_connect,lead_quality,call_status,lead_status,remarks"
2026-03-18T10:11:36.788Z,sr07,sales_rep,yiwqeeecda,updated,,"meaningful_connect,lead_quality,call_status,lead_status,remarks"
2026-03-18T10:14:40.722Z,sr07,sales_rep,a17nuqhzb0,updated,,"meaningful_connect,lead_quality,call_status,lead_status,remarks"
2026-03-18T10:17:15.094Z,sr06,sales_rep,sxldn7vobn,updated,,"meaningful_connect,lead_quality,call_status,lead_status,remarks"
2026-03-18T10:32:46.488Z,sr07,sales_rep,s6orynlcbw,updated,,"meaningful_connect,lead_quality,call_status,lead_status,remarks"
2026-03-18T10:34:36.369Z,sr07,sales_rep,38bhwqucqn,updated,,"lead_status,remarks"
2026-03-18T11:47:24.442Z,sr06,sales_rep,qstcsgftue,updated,,"meaningful_connect,lead_quality,call_status,lead_status,remarks"
2026-03-18T11:53:34.650Z,sr06,sales_rep,rb6cqg6ujl,updated,,"lead_status,call_status,remarks"
2026-03-18T11:58:42.668Z,sr06,sales_rep,5m8vm8ido8,updated,,"meaningful_connect,call_status,remarks"
2026-03-18T12:00:04.112Z,sr06,sales_rep,evjb0hxh78,updated,,"call_status,remarks"
2026-03-18T12:18:42.928Z,sr07,sales_rep,agkftxwf6w,updated,,"call_status,meaningful_connect,lead_status,remarks"
2026-03-20T12:15:48.172Z,sr07,sales_rep,agkftxwf6w,updated,,remarks
2026-03-20T12:18:25.678Z,sr07,sales_rep,ci4h44k7lz,updated,,"meaningful_connect,lead_quality,call_status,lead_status,remarks"
2026-03-20T12:21:30.384Z,sr07,sales_rep,07vmx5l6q7,updated,,remarks
2026-03-20T12:26:19.945Z,sr07,sales_rep,d0wgxygh5f,updated,,"meaningful_connect,call_status,remarks"
2026-03-20T13:03:03.479Z,sr07,sales_rep,qd8gz5v32q,updated,,"lead_status,call_status,lead_quality,meaningful_connect,remarks"
2026-03-20T13:03:08.986Z,sr07,sales_rep,qd8gz5v32q,updated,,remarks
2026-03-23T08:35:20.954Z,sr07,sales_rep,afrt7r87kj,updated,,remarks
2026-03-23T08:35:31.792Z,sr07,sales_rep,afrt7r87kj,updated,,lead_status
2026-03-23T08:39:43.764Z,sr06,sales_rep,y0ytugk9xj,updated,,"call_status,remarks"
2026-03-24T07:02:49.544Z,sr07,sales_rep,xwnmrgcazo,updated,,"remarks,lead_status"
2026-03-24T07:03:42.493Z,sr07,sales_rep,s2i93xavkp,updated,,remarks
2026-03-24T07:13:58.609Z,sr06,sales_rep,cz6j0jtl13,updated,,remarks
2026-03-24T11:19:42.626Z,sr06,sales_rep,bks0vjxie8,updated,,"call_status,remarks"
2026-03-24T11:21:23.585Z,sr07,sales_rep,xqiylnyf7u,updated,,remarks
2026-03-24T11:21:42.878Z,sr07,sales_rep,xqiylnyf7u,updated,,meaningful_connect
2026-03-24T11:21:59.086Z,sr06,sales_rep,az1b4o750m,updated,,"call_status,remarks"
2026-03-24T11:22:48.458Z,sr07,sales_rep,vwzow7te1y,updated,,"lead_status,remarks"
2026-03-24T11:23:11.836Z,sr07,sales_rep,s2i93xavkp,updated,,remarks
2026-03-24T11:23:17.186Z,sr07,sales_rep,s2i93xavkp,updated,,lead_status
2026-03-24T11:23:41.464Z,sr07,sales_rep,bblufaeai7,updated,,remarks
2026-03-24T11:25:24.753Z,sr07,sales_rep,dp3cx47g0h,updated,,remarks
2026-03-24T11:26:55.425Z,sr07,sales_rep,cp905k9wk2,updated,,"lead_status,remarks"
2026-03-24T11:29:30.192Z,sr07,sales_rep,2gk5depg6o,updated,,remarks
2026-03-24T11:29:42.399Z,sr06,sales_rep,jvu3op7tzk,updated,,"remarks,call_status"
2026-03-24T11:29:42.643Z,sr07,sales_rep,2gk5depg6o,updated,,"meaningful_connect,lead_quality,call_status,lead_status"
2026-03-24T11:31:02.474Z,sr07,sales_rep,tabnx9jnbe,updated,,remarks
2026-03-24T11:40:22.659Z,sr06,sales_rep,mxozdbevfk,updated,,"assigned_rep_id,meaningful_connect,lead_quality,call_status,lead_status,remarks"
2026-03-24T11:45:31.290Z,sr06,sales_rep,sb5a45bv32,updated,,"call_status,remarks"
2026-03-24T11:48:13.402Z,sr06,sales_rep,25byksxdbh,updated,,"call_status,remarks"
2026-03-24T11:54:52.822Z,sr07,sales_rep,yyj0o7en4w,updated,,"meaningful_connect,lead_quality,call_status,lead_status,remarks"
2026-03-24T12:07:17.381Z,sr06,sales_rep,nhcesa97dm,updated,,"call_status,remarks"
2026-03-24T12:08:22.346Z,sr07,sales_rep,1jy8fqus9p,updated,,"remarks,call_status"
2026-03-24T12:09:11.127Z,sr06,sales_rep,almq2mas4c,updated,,"call_status,remarks"
2026-03-24T12:10:57.280Z,sr07,sales_rep,3dl47il6jf,updated,,"meaningful_connect,lead_status,call_status,remarks"
2026-03-24T12:40:55.155Z,sr07,sales_rep,n2gqv5vp1f,updated,,"call_status,remarks"
2026-03-24T12:44:23.284Z,sr07,sales_rep,n2gqv5vp1f,updated,,remarks
2026-03-24T12:44:40.767Z,sr07,sales_rep,3dl47il6jf,updated,,remarks
2026-03-24T12:45:50.544Z,sr07,sales_rep,9ly8gztici,updated,,"meaningful_connect,lead_quality,call_status,lead_status,plan_option,remarks"
2026-03-24T12:46:20.865Z,sr07,sales_rep,tabnx9jnbe,updated,,remarks
2026-03-24T12:47:50.509Z,sr07,sales_rep,zle8qn92wp,updated,,"remarks,plan_option,lead_status"
2026-03-24T12:48:06.447Z,sr07,sales_rep,dp3cx47g0h,updated,,remarks
2026-03-24T12:48:22.880Z,sr07,sales_rep,dp3cx47g0h,updated,,remarks
2026-03-24T12:49:21.071Z,sr07,sales_rep,471uotw610,updated,,"remarks,lead_status,call_status,lead_quality,meaningful_connect"
2026-03-24T12:50:11.350Z,sr07,sales_rep,749g4713dy,updated,,"remarks,meaningful_connect,lead_quality,lead_status"
2026-03-24T12:50:14.726Z,sr07,sales_rep,749g4713dy,updated,,call_status
2026-03-24T12:51:32.747Z,sr07,sales_rep,dk3u9dio31,updated,,remarks
2026-03-24T12:53:16.237Z,sr07,sales_rep,xwnmrgcazo,updated,,remarks
2026-03-24T12:54:49.991Z,sr07,sales_rep,yiwqeeecda,updated,,"remarks,lead_status"
2026-03-24T12:56:54.386Z,sr07,sales_rep,s6orynlcbw,updated,,"remarks,lead_status"
2026-03-24T12:58:00.773Z,sr07,sales_rep,afrt7r87kj,updated,,remarks
2026-03-24T12:58:09.735Z,sr07,sales_rep,afrt7r87kj,updated,,plan_option
2026-03-24T13:08:12.519Z,sr06,sales_rep,g8qurzvbf7,updated,,"lead_quality,meaningful_connect,call_status,lead_status,plan_option,remarks"
2026-03-25T05:08:05.463Z,sr07,sales_rep,ty5ear1cmv,updated,,"remarks,call_status"
2026-03-25T05:10:35.297Z,sr07,sales_rep,lu234hku2a,updated,,remarks
2026-03-25T05:10:41.297Z,sr07,sales_rep,lu234hku2a,updated,,call_status
2026-03-25T05:13:21.165Z,sr07,sales_rep,r5i74iuqdf,updated,,"call_status,remarks"
2026-03-25T05:13:30.367Z,sr07,sales_rep,r5i74iuqdf,updated,,remarks
2026-03-25T05:16:00.408Z,sr07,sales_rep,qx4r12v6i1,updated,,"remarks,call_status"
2026-03-25T05:17:48.382Z,sr07,sales_rep,lv8spfnivz,updated,,"remarks,lead_status,call_status,lead_quality,meaningful_connect"
2026-03-25T05:19:55.570Z,sr07,sales_rep,r6yplih3rl,updated,,"call_status,remarks"
2026-03-25T05:22:44.981Z,sr06,sales_rep,056o5ue1rf,updated,,"call_status,remarks"
2026-03-25T05:26:20.222Z,sr07,sales_rep,a74krmzsfl,updated,,"remarks,call_status,lead_quality,lead_status,meaningful_connect"
2026-03-25T05:28:07.512Z,sr07,sales_rep,nxqwua5eor,updated,,remarks
2026-03-25T05:28:23.097Z,sr07,sales_rep,nxqwua5eor,updated,,"meaningful_connect,lead_quality,call_status,lead_status"
2026-03-25T06:32:17.190Z,sr06,sales_rep,0d5zvwvt62,updated,,"meaningful_connect,lead_quality,call_status,lead_status,remarks"
2026-03-25T06:33:53.511Z,sr06,sales_rep,eza5p977dd,updated,,"call_status,remarks"
2026-03-25T06:37:58.999Z,sr07,sales_rep,bxjfnp4j15,updated,,"remarks,call_status"
2026-03-25T06:38:03.622Z,sr06,sales_rep,xeunaf670p,updated,,"call_status,remarks"
2026-03-25T06:39:29.795Z,sr06,sales_rep,xh5io0req0,updated,,"call_status,remarks"
2026-03-25T06:39:42.008Z,sr07,sales_rep,i9pv5p6wgv,updated,,"call_status,remarks"
2026-03-25T06:41:06.232Z,sr07,sales_rep,ti6yeryryc,updated,,"remarks,call_status"
2026-03-25T06:43:21.936Z,sr07,sales_rep,25pqc7bwsb,updated,,remarks
2026-03-25T06:43:26.349Z,sr07,sales_rep,25pqc7bwsb,updated,,call_status
2026-03-25T06:44:22.180Z,sr07,sales_rep,upjh2kkk6z,updated,,"remarks,call_status"
2026-03-25T06:47:05.694Z,sr07,sales_rep,1sme5vtb1h,updated,,remarks
2026-03-25T06:50:03.897Z,sr07,sales_rep,1sme5vtb1h,updated,,"lead_status,call_status,meaningful_connect"
2026-03-25T06:53:20.662Z,sr07,sales_rep,st46m1ssgd,updated,,remarks
2026-03-25T06:53:22.207Z,sr06,sales_rep,eza5p977dd,updated,,remarks
2026-03-25T06:53:27.507Z,sr07,sales_rep,st46m1ssgd,updated,,call_status
2026-03-25T06:53:42.727Z,sr06,sales_rep,eza5p977dd,updated,,"call_status,lead_status"
2026-03-25T06:55:16.056Z,sr06,sales_rep,ini05e3o15,updated,,"call_status,remarks"
2026-03-25T07:02:20.399Z,sr07,sales_rep,x137mqm6km,updated,,"remarks,lead_status,call_status,lead_quality,meaningful_connect"
2026-03-25T07:02:55.465Z,sr07,sales_rep,rgl8mku4qe,updated,,"lead_status,lead_quality,call_status,meaningful_connect"
2026-03-25T07:03:08.361Z,sr07,sales_rep,rgl8mku4qe,updated,,remarks
2026-03-25T07:04:28.808Z,sr07,sales_rep,ns71awvfuw,updated,,"call_status,remarks"
2026-03-25T07:08:51.302Z,sr07,sales_rep,a5nwzsui76,updated,,"remarks,lead_status,call_status,lead_quality,meaningful_connect"
2026-03-25T07:15:52.051Z,sr07,sales_rep,w76c0losky,updated,,"remarks,lead_status,call_status,lead_quality,meaningful_connect"
2026-03-25T07:19:04.098Z,sr07,sales_rep,hvs2zd5bet,updated,,"remarks,lead_status,call_status"
2026-03-25T07:21:40.648Z,sr07,sales_rep,ij1tiomynf,updated,,"remarks,call_status"
2026-03-25T07:29:06.139Z,sr07,sales_rep,ypfqr6j4dd,updated,,"remarks,call_status"
2026-03-25T07:47:28.546Z,sr07,sales_rep,e5tz4bski0,updated,,"call_status,lead_quality,meaningful_connect,lead_status,remarks"
2026-03-25T07:51:27.949Z,sr07,sales_rep,hbtcvdo0ip,updated,,"lead_status,call_status,lead_quality,meaningful_connect,remarks"
2026-03-25T07:57:23.568Z,sr06,sales_rep,vgs9q0rxh9,updated,,"call_status,remarks"
2026-03-25T07:59:43.861Z,sr06,sales_rep,llmvhmbls5,updated,,"call_status,remarks"
2026-03-25T08:05:15.586Z,sr06,sales_rep,e13wfaxdia,updated,,"call_status,remarks"
2026-03-25T08:10:31.549Z,sr06,sales_rep,dctic9lu9r,updated,,"call_status,remarks"
2026-03-25T08:22:34.861Z,sr06,sales_rep,mlgsk00c4n,updated,,"lead_quality,call_status,remarks"
2026-03-25T09:03:50.737Z,sr06,sales_rep,fs52vxp44a,updated,,"call_status,remarks"
2026-03-25T09:13:00.762Z,sr06,sales_rep,okoas1hz3k,updated,,"call_status,remarks"
2026-03-26T06:03:29.134Z,sr07,sales_rep,em6rghg7of,updated,,"remarks,call_status"
2026-03-26T06:09:30.369Z,sr07,sales_rep,bv237v94cj,updated,,"call_status,remarks"
2026-03-26T06:12:33.512Z,sr07,sales_rep,1s6bn8vzye,updated,,remarks
2026-03-26T06:13:23.695Z,sr07,sales_rep,1s6bn8vzye,updated,,call_status
2026-03-26T06:21:33.262Z,sr07,sales_rep,v9seoqz9qn,updated,,"lead_status,call_status,lead_quality,meaningful_connect"
2026-03-26T06:21:50.294Z,sr07,sales_rep,v9seoqz9qn,updated,,remarks
2026-03-26T06:24:40.372Z,sr07,sales_rep,dxlpizl3wz,updated,,"remarks,meaningful_connect,lead_quality,call_status,lead_status"
2026-03-26T06:54:27.985Z,sr06,sales_rep,zi9o9r2a2f,updated,,"meaningful_connect,lead_quality,call_status,lead_status,remarks"
2026-03-26T06:57:56.565Z,sr06,sales_rep,edijzitlh4,updated,,"call_status,remarks"
2026-03-26T07:01:34.456Z,sr06,sales_rep,6nb8z4a5da,updated,,"call_status,remarks"
2026-03-26T07:36:25.976Z,sr06,sales_rep,r9sgx86jor,updated,,"meaningful_connect,lead_quality,call_status,lead_status,remarks"
2026-03-26T07:43:46.570Z,sr06,sales_rep,e4ptq5nyfr,updated,,"call_status,remarks"
2026-03-26T07:54:17.797Z,sr06,sales_rep,4hutk2mpw7,updated,,"call_status,lead_quality,lead_status,remarks"
2026-03-26T08:09:16.335Z,sr07,sales_rep,yc9f5utyl4,updated,,remarks
2026-03-26T08:09:55.469Z,sr06,sales_rep,ufqc4yxnfn,updated,,"meaningful_connect,lead_quality,call_status,remarks"
2026-03-26T08:11:29.867Z,sr07,sales_rep,uus1wnn57d,updated,,"call_status,remarks"
2026-03-26T08:16:54.251Z,sr07,sales_rep,1st6emnen0,updated,,remarks
2026-03-26T08:26:51.775Z,sr06,sales_rep,g6i75wv391,updated,,"call_status,remarks"
2026-03-26T08:36:50.313Z,sr06,sales_rep,9yqpvef5xu,updated,,"call_status,remarks"
2026-03-26T08:38:18.027Z,sr07,sales_rep,1st6emnen0,updated,,remarks
2026-03-26T09:14:46.585Z,sr05,super_admin,iuqrqi0k2r,updated,,"meaningful_connect,lead_quality,call_status,lead_status"
2026-03-26T09:47:22.115Z,sr07,sales_rep,eues9kffbc,updated,,"call_status,remarks"
2026-03-26T09:51:04.979Z,sr07,sales_rep,vzt45km11s,updated,,"remarks,call_status,lead_status,lead_quality"
2026-03-26T09:56:37.341Z,sr07,sales_rep,wpr7p1b8pv,updated,,"meaningful_connect,lead_quality,call_status,lead_status,remarks"
2026-03-26T10:12:01.035Z,sr06,sales_rep,8mp4gopg1i,updated,,"lead_quality,call_status,lead_status,remarks"
2026-03-26T10:22:25.952Z,sr06,sales_rep,j8qqhvl9nz,updated,,"meaningful_connect,lead_quality,call_status,lead_status,remarks"
2026-03-26T10:34:14.660Z,sr07,sales_rep,zs735y68l3,updated,,lead_status
2026-03-26T10:34:44.549Z,sr07,sales_rep,2i0zumpdqz,updated,,remarks
2026-03-26T10:34:55.863Z,sr07,sales_rep,2i0zumpdqz,updated,,"meaningful_connect,lead_quality,call_status,lead_status"
2026-03-26T10:35:56.435Z,sr07,sales_rep,ri5b62c95v,updated,,remarks
2026-03-26T10:36:00.256Z,sr07,sales_rep,ri5b62c95v,updated,,call_status
2026-03-26T10:45:44.480Z,sr06,sales_rep,vq7hw6spjd,updated,,"call_status,lead_quality,lead_status,remarks"
2026-03-26T11:33:28.609Z,sr06,sales_rep,cjtj09oqs0,updated,,"lead_quality,meaningful_connect,lead_status"
2026-03-26T11:34:08.083Z,sr06,sales_rep,t25swgfd4m,updated,,"lead_status,lead_quality"
2026-03-26T12:07:53.838Z,sr06,sales_rep,kuuljc6ye2,updated,,"lead_status,lead_quality"
2026-03-26T12:08:20.591Z,sr06,sales_rep,qhxc0i68z2,updated,,"lead_status,lead_quality,meaningful_connect"
2026-03-26T12:08:28.624Z,sr06,sales_rep,qhxc0i68z2,updated,,"lead_quality,lead_status"
2026-03-26T12:08:57.785Z,sr06,sales_rep,sxldn7vobn,updated,,lead_status
2026-03-26T12:10:09.502Z,sr06,sales_rep,qstcsgftue,updated,,"lead_status,lead_quality"
2026-03-26T12:11:19.572Z,sr06,sales_rep,eza5p977dd,updated,,lead_status
2026-03-26T12:29:58.249Z,sr06,sales_rep,b0oucpasvs,updated,,"lead_status,lead_quality"
2026-03-26T12:30:36.174Z,sr06,sales_rep,wykw3evt6d,updated,,lead_status
2026-03-26T12:30:40.920Z,sr06,sales_rep,wykw3evt6d,updated,,meaningful_connect
2026-03-26T13:06:56.155Z,sr06,sales_rep,kskej7wjsp,updated,,lead_status
2026-03-26T13:07:17.817Z,sr06,sales_rep,w5dyh58i38,updated,,lead_status
2026-03-26T13:07:55.858Z,sr06,sales_rep,bbvpb2z0wi,updated,,"lead_status,lead_quality"
2026-03-26T13:08:28.374Z,sr06,sales_rep,2p5eujjk8x,updated,,lead_status
2026-03-26T13:10:32.865Z,sr06,sales_rep,6w8q7o7y7h,updated,,lead_status
2026-03-26T13:11:00.254Z,sr06,sales_rep,848xigtjof,updated,,lead_status
2026-03-26T13:11:22.459Z,sr06,sales_rep,tpblijn4e0,updated,,lead_status
2026-03-26T13:11:55.583Z,sr06,sales_rep,rxlz6nht82,updated,,lead_status
2026-03-26T13:12:29.166Z,sr06,sales_rep,u2kz31g0uv,updated,,lead_status
2026-03-26T13:13:03.771Z,sr06,sales_rep,3el4i8jx73,updated,,lead_status
2026-03-26T13:13:22.221Z,sr07,sales_rep,2od33ss59g,updated,,"remarks,lead_status,call_status,lead_quality,meaningful_connect"
2026-03-26T13:13:55.536Z,sr06,sales_rep,0v4w5hciqn,updated,,lead_status
2026-03-26T13:15:25.036Z,sr06,sales_rep,9ofso83ulq,updated,,lead_status
2026-03-26T13:17:06.432Z,sr06,sales_rep,svrm3r5kqo,updated,,lead_status
2026-03-26T13:18:06.835Z,sr06,sales_rep,d149036frw,updated,,"lead_status,lead_quality"
2026-03-26T13:19:11.724Z,sr06,sales_rep,ucq0irgldg,updated,,lead_status
2026-03-26T13:19:36.007Z,sr06,sales_rep,982akhlzdn,updated,,lead_status
2026-03-26T13:19:40.291Z,sr06,sales_rep,982akhlzdn,updated,,lead_quality
2026-03-26T13:20:00.617Z,sr07,sales_rep,f0cb57ajb0,updated,,remarks
2026-03-26T13:20:13.916Z,sr06,sales_rep,lbv1ggsfts,updated,,"lead_status,lead_quality"
2026-03-26T13:20:43.687Z,sr06,sales_rep,f9xw0sdp9i,updated,,"lead_status,lead_quality"
2026-03-26T13:21:02.945Z,sr06,sales_rep,xwltqpklpf,updated,,lead_status
2026-03-26T13:22:00.413Z,sr06,sales_rep,opzo62ep8m,updated,,lead_status
2026-03-26T13:22:16.416Z,sr07,sales_rep,dk3u9dio31,updated,,lead_status
2026-03-26T13:22:37.735Z,sr06,sales_rep,zk0fc2fm29,updated,,lead_status
2026-03-26T13:22:42.269Z,sr06,sales_rep,zk0fc2fm29,updated,,lead_quality
2026-03-26T13:23:15.298Z,sr06,sales_rep,nnxxrh0vmj,updated,,"lead_status,lead_quality"
2026-03-26T13:23:40.793Z,sr06,sales_rep,xrhbagd70j,updated,,lead_status
2026-03-26T13:23:43.049Z,sr06,sales_rep,xrhbagd70j,updated,,lead_quality
2026-03-26T13:24:17.645Z,sr06,sales_rep,3wuxmoj8j1,updated,,"lead_quality,lead_status"
2026-03-26T13:24:43.933Z,sr06,sales_rep,i2hu3ldpxb,updated,,"lead_status,lead_quality"
2026-03-26T13:24:56.470Z,sr07,sales_rep,yyj0o7en4w,updated,,"remarks,lead_status"
2026-03-26T13:25:49.783Z,sr07,sales_rep,e5tz4bski0,updated,,lead_status
2026-03-26T13:26:38.420Z,sr07,sales_rep,msqqa7uk62,updated,,lead_status
2026-03-26T13:28:00.007Z,sr07,sales_rep,9420jzt2vg,updated,,lead_status
2026-03-26T13:29:11.660Z,sr07,sales_rep,u5vjwl4jwj,updated,,"lead_status,lead_quality"
2026-03-26T13:34:13.849Z,sr06,sales_rep,5hfmnnmmac,updated,,"lead_status,lead_quality"
2026-03-26T13:43:10.639Z,sr07,sales_rep,7z4tcjvn79,updated,,remarks
2026-03-26T13:43:14.394Z,sr07,sales_rep,7z4tcjvn79,updated,,lead_quality
2026-03-26T13:44:03.363Z,sr07,sales_rep,en6hz74lf7,updated,,"lead_status,remarks"
2026-03-26T13:44:09.561Z,sr07,sales_rep,en6hz74lf7,updated,,remarks
2026-03-26T13:45:27.671Z,sr07,sales_rep,en6hz74lf7,updated,,"call_status,lead_quality,meaningful_connect"
2026-03-26T13:45:47.760Z,sr07,sales_rep,9hn15v8ohk,updated,,lead_status
2026-03-26T13:46:09.515Z,sr07,sales_rep,e5tz4bski0,updated,,lead_status
2026-03-26T13:47:09.477Z,sr06,sales_rep,dky0r79wwf,updated,,lead_status
2026-03-26T13:47:43.539Z,sr07,sales_rep,cjn77uoiei,updated,,lead_status
2026-03-26T13:47:53.240Z,sr06,sales_rep,733ehm3bkf,updated,,"lead_status,lead_quality"
2026-03-26T13:48:22.616Z,sr06,sales_rep,747mpp7zgh,updated,,"lead_status,lead_quality"
2026-03-26T13:48:48.036Z,sr06,sales_rep,fmsbjdrdme,updated,,lead_status
2026-03-26T13:48:50.668Z,sr06,sales_rep,fmsbjdrdme,updated,,lead_quality
2026-03-26T13:48:55.619Z,sr07,sales_rep,r1uwoblize,updated,,lead_status
2026-03-26T13:49:17.602Z,sr07,sales_rep,an85gzm7i8,updated,,lead_status
2026-03-26T13:49:34.251Z,sr07,sales_rep,nuox04fn94,updated,,lead_status
2026-03-26T13:49:35.365Z,sr06,sales_rep,c6gb6dn3vf,updated,,"lead_status,lead_quality,remarks"
2026-03-26T13:49:40.739Z,sr07,sales_rep,nuox04fn94,updated,,lead_status
2026-03-26T13:50:06.080Z,sr07,sales_rep,ybitno763o,updated,,lead_status
2026-03-26T13:50:13.388Z,sr06,sales_rep,pkkur6fpuf,updated,,"lead_status,meaningful_connect,lead_quality"
2026-03-26T13:50:29.472Z,sr07,sales_rep,4ny73ybjd0,updated,,lead_status
2026-03-26T13:50:57.194Z,sr07,sales_rep,oeoq2bqkpx,updated,,lead_status
2026-03-26T13:54:02.387Z,sr07,sales_rep,nuox04fn94,updated,,lead_quality
2026-03-26T14:52:10.938Z,sr06,sales_rep,qie73i30bx,updated,,"lead_status,lead_quality"
2026-03-26T14:52:35.832Z,sr06,sales_rep,1mf9huuic0,updated,,lead_status
2026-03-26T14:52:58.476Z,sr06,sales_rep,8lqmnk55db,updated,,"lead_status,lead_quality"
2026-03-26T14:53:19.456Z,sr06,sales_rep,jgwdwp64wr,updated,,"lead_status,lead_quality"
2026-03-26T14:53:49.162Z,sr06,sales_rep,cz6j0jtl13,updated,,"lead_status,lead_quality"
2026-03-26T14:54:16.851Z,sr06,sales_rep,cz6j0jtl13,updated,,lead_status
2026-03-26T14:55:48.132Z,sr06,sales_rep,cz6j0jtl13,updated,,remarks
2026-03-26T14:56:48.725Z,sr06,sales_rep,wge8ip065q,updated,,"lead_status,lead_quality"
2026-03-26T14:56:55.117Z,sr06,sales_rep,wge8ip065q,updated,,lead_status
2026-03-26T15:01:45.067Z,sr06,sales_rep,5n9reu8zu2,updated,,"lead_status,lead_quality"
2026-03-26T15:02:20.769Z,sr06,sales_rep,tmukel7mk2,updated,,"lead_status,meaningful_connect"
2026-03-26T15:03:07.016Z,sr06,sales_rep,bwesbkv0sp,updated,,"lead_status,meaningful_connect"
2026-03-26T15:03:49.669Z,sr06,sales_rep,ea17e6e5rv,updated,,"lead_status,lead_quality"
2026-03-27T05:17:55.099Z,sr07,sales_rep,uerj77iaj3,updated,,"remarks,lead_status"
2026-03-27T05:19:22.098Z,sr07,sales_rep,z2o4r1wfl1,updated,,"remarks,lead_status,lead_quality,call_status,meaningful_connect"
2026-03-27T05:20:58.995Z,sr07,sales_rep,v9cpg86e0q,updated,,lead_status
2026-03-27T05:21:20.133Z,sr07,sales_rep,lo2p62zy2p,updated,,lead_status
2026-03-27T05:21:38.784Z,sr07,sales_rep,fxv2g6dki8,updated,,lead_status
2026-03-27T05:29:44.265Z,sr07,sales_rep,4n0owns6un,updated,,remarks
2026-03-27T06:00:07.471Z,sr07,sales_rep,4n0owns6un,updated,,lead_status
2026-03-27T06:00:24.172Z,sr07,sales_rep,e06vp4egot,updated,,lead_status
2026-03-27T06:02:05.864Z,sr07,sales_rep,xgx6q49e25,updated,,"lead_status,remarks,lead_quality"
2026-03-27T06:02:19.430Z,sr07,sales_rep,xgx6q49e25,updated,,"lead_status,call_status,meaningful_connect"
2026-03-27T06:03:00.598Z,sr07,sales_rep,wmz0qxpdte,updated,,lead_status
2026-03-27T09:25:00.378Z,sr07,sales_rep,num43kl7nh,updated,,remarks
2026-03-27T09:25:04.867Z,sr07,sales_rep,num43kl7nh,updated,,call_status
2026-03-27T09:28:37.202Z,sr07,sales_rep,6n6nbdl7ng,updated,,"remarks,meaningful_connect,lead_quality,call_status,lead_status"
2026-03-27T09:33:08.642Z,sr07,sales_rep,1pp2gxfx3y,updated,,"lead_status,call_status,lead_quality,meaningful_connect,remarks"
2026-03-27T10:09:07.461Z,sr07,sales_rep,vu7spbkg3d,updated,,"remarks,call_status,lead_quality,meaningful_connect,lead_status"
2026-03-27T12:03:36.761Z,sr07,sales_rep,aqu2x4qx9u,updated,,"remarks,meaningful_connect,lead_quality,call_status,lead_status"
2026-03-27T12:33:13.676Z,sr07,sales_rep,aqu2x4qx9u,updated,,lead_status
2026-03-27T12:34:06.965Z,sr07,sales_rep,8ko5crx2uh,updated,,"remarks,call_status"
2026-03-27T12:35:35.235Z,sr07,sales_rep,8xut5xrs3i,updated,,"remarks,call_status"
2026-03-27T12:37:29.255Z,sr07,sales_rep,zafhc2f3cu,updated,,"remarks,lead_status,lead_quality,call_status,meaningful_connect"
2026-03-27T12:40:02.697Z,sr07,sales_rep,edkroi3lpr,updated,,"remarks,meaningful_connect,lead_quality,call_status,lead_status"
2026-03-27T12:40:42.278Z,sr07,sales_rep,8xut5xrs3i,updated,,"call_status,remarks"
2026-03-28T06:45:12.445Z,sr07,sales_rep,7z4tcjvn79,updated,,"lead_status,remarks"
2026-03-28T06:46:53.453Z,sr07,sales_rep,j11fk51qcc,updated,,"remarks,call_status"
2026-03-28T06:52:36.912Z,sr07,sales_rep,j11fk51qcc,updated,,"lead_status,lead_quality,call_status,remarks,meaningful_connect"
2026-03-28T06:54:51.320Z,sr07,sales_rep,tjv93tuk9n,updated,,"remarks,call_status"
2026-03-28T06:55:57.139Z,sr06,sales_rep,3s3fk63cvl,updated,,remarks
2026-03-28T06:57:02.299Z,sr07,sales_rep,dfolw79vs3,updated,,"lead_status,call_status,lead_quality,meaningful_connect,remarks"
2026-03-28T06:58:49.882Z,sr06,sales_rep,b0dgpu6ouj,updated,,"call_status,remarks"
2026-03-28T07:02:08.780Z,sr06,sales_rep,t9hu1a6tzj,updated,,"call_status,remarks"
2026-03-28T07:04:15.335Z,sr06,sales_rep,67w7037qcw,updated,,remarks
2026-03-28T07:08:09.632Z,sr06,sales_rep,aok2gvz3lq,updated,,"call_status,remarks"
2026-03-28T07:17:29.176Z,sr07,sales_rep,gc1rzu6pp1,updated,,"meaningful_connect,lead_quality,call_status,lead_status,remarks"
2026-03-28T07:18:10.074Z,sr06,sales_rep,r36tt0fb9l,updated,,remarks
2026-03-28T07:20:07.564Z,sr06,sales_rep,4p3ubqf3yz,updated,,remarks
2026-03-28T07:21:14.478Z,sr06,sales_rep,4p3ubqf3yz,updated,,remarks
2026-03-28T07:23:49.311Z,sr06,sales_rep,4p3ubqf3yz,updated,,call_status
2026-03-28T07:30:51.433Z,sr07,sales_rep,gg8ofl1pgj,updated,,"remarks,meaningful_connect,lead_quality,call_status,lead_status"
2026-03-28T07:35:44.124Z,sr06,sales_rep,t6gl28cpj2,updated,,"call_status,remarks"
2026-03-28T09:10:47.952Z,sr07,sales_rep,gg8ofl1pgj,updated,,lead_status
2026-03-28T09:11:01.030Z,sr06,sales_rep,wmbvo6lw8i,updated,,remarks
2026-03-28T09:12:44.384Z,sr07,sales_rep,em6rghg7of,updated,,remarks
2026-03-28T09:15:28.376Z,sr07,sales_rep,3803tzxdl6,updated,,"lead_status,call_status,lead_quality,remarks"
2026-03-28T09:30:47.175Z,sr06,sales_rep,wmbvo6lw8i,updated,,call_status
2026-03-28T09:31:44.940Z,sr06,sales_rep,a9tgdzy0nl,updated,,remarks
2026-03-28T09:36:04.363Z,sr06,sales_rep,a9tgdzy0nl,updated,,call_status
2026-03-28T10:27:27.326Z,sr06,sales_rep,86bjpzpge4,updated,,call_status
2026-03-28T10:27:44.180Z,sr06,sales_rep,86bjpzpge4,updated,,remarks
2026-03-28T10:30:24.056Z,sr06,sales_rep,1szwh0p2hf,updated,,"call_status,remarks"
2026-03-28T10:33:34.579Z,sr06,sales_rep,5qbm801gyd,updated,,remarks
2026-03-28T10:38:12.943Z,sr06,sales_rep,5qbm801gyd,updated,,call_status
2026-03-28T10:39:08.949Z,sr06,sales_rep,cotbmkop3b,updated,,"call_status,remarks"
2026-03-28T10:46:47.504Z,sr07,sales_rep,htnyeun2i6,updated,,"remarks,call_status"
2026-03-28T10:48:06.542Z,sr07,sales_rep,0rnoukmlzj,updated,,"remarks,lead_status,call_status,meaningful_connect,lead_quality"
2026-03-28T10:49:42.766Z,sr07,sales_rep,ldtuk810wq,updated,,"remarks,meaningful_connect,lead_quality"
2026-03-28T10:50:04.817Z,sr06,sales_rep,6asq1rnd2c,updated,,"call_status,remarks"
2026-03-28T10:56:04.429Z,sr06,sales_rep,3i069hv7py,updated,,remarks
2026-03-28T10:56:23.577Z,sr06,sales_rep,3i069hv7py,updated,,call_status
2026-03-28T11:01:24.048Z,sr06,sales_rep,67w7037qcw,updated,,call_status
2026-03-28T11:01:46.510Z,sr06,sales_rep,3s3fk63cvl,updated,,call_status
2026-03-28T11:09:18.835Z,sr07,sales_rep,rdyfvfx28v,updated,,"lead_status,meaningful_connect,lead_quality,call_status,remarks"
2026-03-28T11:23:29.884Z,sr07,sales_rep,bl5q8kwh54,updated,,"remarks,call_status"
2026-03-28T11:41:05.631Z,sr07,sales_rep,nfasmymxjf,updated,,"remarks,lead_status,call_status,lead_quality,meaningful_connect"
2026-03-28T11:50:30.248Z,sr07,sales_rep,kzbm2t8mqg,updated,,"remarks,meaningful_connect,call_status"
2026-03-28T12:00:52.480Z,sr07,sales_rep,cchvrmhyti,updated,,"call_status,lead_status,lead_quality,meaningful_connect,remarks"
2026-03-28T12:01:37.634Z,sr07,sales_rep,edfoguv8ef,updated,,"call_status,remarks"
2026-03-28T12:19:26.700Z,sr06,sales_rep,j7ha1ysskz,updated,,"call_status,remarks"
2026-03-28T12:20:03.553Z,sr07,sales_rep,ke468fp15b,updated,,"remarks,lead_status,call_status,lead_quality,meaningful_connect"
2026-03-28T12:22:19.860Z,sr06,sales_rep,scvbiyomxr,updated,,call_status
2026-03-28T12:22:31.617Z,sr06,sales_rep,scvbiyomxr,updated,,remarks
2026-03-28T12:24:02.017Z,sr06,sales_rep,rxlz6nht82,updated,,"remarks,call_status"
2026-03-28T12:24:06.493Z,sr07,sales_rep,9vngi6l6un,updated,,"remarks,call_status"
2026-03-28T12:24:46.287Z,sr06,sales_rep,6866vk7r4w,updated,,"meaningful_connect,call_status"
2026-03-28T12:26:16.551Z,sr06,sales_rep,ad3i1xr8d2,updated,,"call_status,remarks"
2026-03-28T12:28:50.395Z,sr06,sales_rep,6g48bdchm6,updated,,"call_status,remarks"
2026-03-28T12:30:51.095Z,sr06,sales_rep,lu98ilov6w,updated,,"call_status,remarks"
2026-03-28T12:32:26.504Z,sr06,sales_rep,kwvi2dnrmt,updated,,"call_status,remarks"
2026-03-28T12:34:18.722Z,sr06,sales_rep,0hmn3ecycc,updated,,"call_status,lead_quality,meaningful_connect,lead_status"
2026-03-28T12:34:26.255Z,sr06,sales_rep,0hmn3ecycc,updated,,lead_quality
2026-03-28T12:35:06.800Z,sr06,sales_rep,9zrn6xltez,updated,,lead_status
2026-03-28T13:06:23.801Z,sr07,sales_rep,06dba6dl08,updated,,"remarks,meaningful_connect,lead_status,call_status"
2026-03-28T13:06:51.865Z,sr06,sales_rep,9bkg7y8u1u,updated,,remarks
2026-03-28T13:07:00.920Z,sr06,sales_rep,9bkg7y8u1u,updated,,call_status
2026-03-28T13:10:34.251Z,sr06,sales_rep,bzg8b48zrb,updated,,"call_status,remarks"
2026-03-28T13:13:47.561Z,sr06,sales_rep,i0moyhibis,updated,,"call_status,remarks"
2026-03-28T13:14:59.904Z,sr06,sales_rep,8hud7lmnef,updated,,"call_status,remarks"
2026-03-28T13:17:08.072Z,sr07,sales_rep,9dnorfezgz,updated,,"remarks,lead_status,call_status,lead_quality,meaningful_connect"
2026-03-28T13:29:11.845Z,sr06,sales_rep,jx6oa7hwco,updated,,"call_status,lead_quality,lead_status,remarks"
2026-03-30T06:06:29.782Z,sr07,sales_rep,9dnorfezgz,updated,,"remarks,lead_status"
2026-03-30T06:08:25.651Z,sr07,sales_rep,vuh70zx4vx,updated,,"remarks,lead_status,call_status"
2026-03-30T06:13:21.267Z,sr07,sales_rep,n5xe2zlm39,updated,,"remarks,lead_status,call_status"
2026-03-30T06:57:21.494Z,sr07,sales_rep,dydblri1aq,updated,,"lead_status,remarks,meaningful_connect,lead_quality,call_status"
2026-03-30T06:58:48.641Z,sr07,sales_rep,y09szvdwow,updated,,"remarks,call_status"
2026-03-30T07:01:03.512Z,sr07,sales_rep,l1zox13b19,updated,,"remarks,meaningful_connect,call_status"
2026-03-30T07:04:44.422Z,sr07,sales_rep,yyj0o7en4w,updated,,lead_status
2026-03-30T07:06:15.420Z,sr07,sales_rep,bnukc3d56j,updated,,"call_status,remarks"
2026-03-30T07:57:35.023Z,sr06,sales_rep,kbkdxen034,updated,,"remarks,call_status"
2026-03-30T07:58:56.764Z,sr06,sales_rep,vmm3n8kzga,updated,,"call_status,remarks"
2026-03-30T08:00:12.310Z,sr06,sales_rep,5y3ih1xro1,updated,,"call_status,remarks"
2026-03-30T08:20:51.504Z,sr06,sales_rep,5y3ih1xro1,updated,,remarks
2026-03-30T08:21:14.020Z,sr06,sales_rep,5y3ih1xro1,updated,,call_status
2026-03-30T08:21:21.301Z,sr06,sales_rep,5y3ih1xro1,updated,,"meaningful_connect,lead_quality,lead_status"
2026-03-30T08:24:06.249Z,sr06,sales_rep,wljqb4cyya,updated,,"call_status,remarks"
2026-03-30T08:52:51.957Z,sr06,sales_rep,1z7e5jlmk3,updated,,"call_status,remarks"
2026-03-30T09:05:16.727Z,sr06,sales_rep,51prd7oirq,updated,,"call_status,lead_quality,lead_status,remarks"
2026-03-30T09:07:53.082Z,sr06,sales_rep,u83y5ito5i,updated,,"call_status,remarks"
2026-03-30T09:11:42.469Z,sr06,sales_rep,0xtc29zoky,updated,,"call_status,remarks"
2026-03-30T09:15:05.236Z,sr06,sales_rep,oxbnetwlgn,updated,,"call_status,remarks"
2026-03-30T09:50:13.123Z,sr06,sales_rep,kvyqqoi5dg,updated,,"call_status,remarks"
2026-03-30T09:52:03.072Z,sr06,sales_rep,2qi78hy8ct,updated,,"call_status,remarks"
2026-03-30T09:52:09.449Z,sr06,sales_rep,2qi78hy8ct,updated,,lead_status
2026-03-30T09:55:20.175Z,sr06,sales_rep,fz4zsds9j9,updated,,remarks
2026-03-30T09:55:22.807Z,sr06,sales_rep,fz4zsds9j9,updated,,call_status
2026-03-30T09:56:55.864Z,sr06,sales_rep,zi3t621v85,updated,,"call_status,remarks"
2026-03-30T09:59:30.248Z,sr07,sales_rep,iqydny0ec0,updated,,"remarks,call_status"
2026-03-30T10:01:03.168Z,sr07,sales_rep,wz5sfbfhpt,updated,,"remarks,lead_quality,meaningful_connect,call_status"
2026-03-30T10:01:27.331Z,sr06,sales_rep,q0w7nvv5o8,updated,,"call_status,remarks"
2026-03-30T10:03:38.821Z,sr06,sales_rep,k8112g7lds,updated,,"call_status,remarks"
2026-03-30T10:04:47.581Z,sr06,sales_rep,xa2et13ycs,updated,,"call_status,remarks"
2026-03-30T10:05:43.436Z,sr06,sales_rep,zk46ts5xc2,updated,,"call_status,lead_status,remarks"
2026-03-30T10:09:05.313Z,sr06,sales_rep,rh3x4rfczw,updated,,"call_status,remarks"
2026-03-30T10:38:37.771Z,sr06,sales_rep,tlwfdgftbe,updated,,"call_status,lead_status,remarks"
2026-03-30T10:40:19.879Z,sr07,sales_rep,ctwpkgamry,updated,,"remarks,lead_status,call_status,lead_quality,meaningful_connect"
2026-03-30T10:42:52.771Z,sr06,sales_rep,tlwfdgftbe,updated,,remarks
2026-03-30T10:45:30.815Z,sr07,sales_rep,ts6auie4z2,updated,,"remarks,call_status,meaningful_connect,lead_quality"
2026-03-30T11:18:40.472Z,sr06,sales_rep,lzq4d572pv,updated,,"call_status,remarks"
2026-03-30T11:20:25.110Z,sr07,sales_rep,gc1rzu6pp1,updated,,remarks
2026-03-30T11:20:31.401Z,sr06,sales_rep,spb4vrq4aw,updated,,"call_status,remarks"
2026-03-30T11:20:55.551Z,sr07,sales_rep,gg8ofl1pgj,updated,,"remarks,lead_status"
2026-03-30T11:21:36.443Z,sr07,sales_rep,aqu2x4qx9u,updated,,"remarks,lead_status"
2026-03-30T11:22:38.326Z,sr06,sales_rep,8lov54kbem,updated,,"call_status,remarks,lead_status"
2026-03-30T11:26:44.061Z,sr06,sales_rep,06viatszn5,updated,,"call_status,remarks"
2026-03-30T11:28:50.596Z,sr06,sales_rep,n8tvezxlsa,updated,,"call_status,remarks"
2026-03-30T11:31:42.528Z,sr06,sales_rep,1nus33nxki,updated,,"call_status,remarks"
2026-03-30T11:33:24.374Z,sr06,sales_rep,jmeargb02i,updated,,"call_status,remarks"
2026-03-30T11:34:57.718Z,sr06,sales_rep,pgc6aivs4l,updated,,"call_status,remarks"
2026-03-30T11:36:39.448Z,sr06,sales_rep,1z9805iqq6,updated,,"call_status,remarks"
2026-03-30T11:38:27.608Z,sr06,sales_rep,792av1wveq,updated,,"call_status,remarks"
2026-03-30T11:47:01.881Z,sr07,sales_rep,yc9f5utyl4,updated,,call_status
2026-03-30T11:48:38.504Z,sr07,sales_rep,2lyss438qx,updated,,"remarks,call_status"
2026-03-30T11:49:40.159Z,sr06,sales_rep,ka16l6wtud,updated,,"call_status,lead_quality,meaningful_connect,remarks"
2026-03-30T11:49:47.284Z,sr06,sales_rep,ka16l6wtud,updated,,remarks
2026-03-30T12:01:16.010Z,sr07,sales_rep,oeoq2bqkpx,updated,,"remarks,lead_quality,call_status,lead_status,meaningful_connect"
2026-03-30T12:04:43.770Z,sr06,sales_rep,efimv9fdhp,updated,,"call_status,remarks"
2026-03-30T12:04:56.718Z,sr06,sales_rep,efimv9fdhp,updated,,"lead_quality,meaningful_connect"
2026-03-30T12:08:22.479Z,sr07,sales_rep,yxypzcigpe,updated,,"remarks,meaningful_connect,lead_quality,call_status"
2026-03-30T12:09:17.125Z,sr06,sales_rep,y2osptrvni,updated,,"call_status,remarks"
2026-03-30T12:09:55.261Z,sr07,sales_rep,mf4i9wfz0x,updated,,"remarks,call_status"
2026-03-30T12:18:49.358Z,sr06,sales_rep,s1ky4v58be,updated,,"remarks,call_status"
2026-03-30T12:18:50.467Z,sr07,sales_rep,ybitno763o,updated,,"remarks,call_status,lead_quality,lead_status,meaningful_connect"
2026-03-30T12:23:08.388Z,sr07,sales_rep,iu7s8jlayh,updated,,"remarks,lead_status,call_status"
2026-03-30T13:14:36.763Z,sr06,sales_rep,ksjribtrqc,updated,,"call_status,remarks"
2026-03-31T06:14:38.847Z,sr07,sales_rep,gc1rzu6pp1,updated,,lead_status
2026-03-31T06:15:06.291Z,sr07,sales_rep,gg8ofl1pgj,updated,,lead_status
2026-03-31T07:17:54.376Z,sr06,sales_rep,b2p8xlauo9,updated,,"call_status,remarks"
2026-03-31T07:20:58.531Z,sr06,sales_rep,4hmijd3dep,updated,,"call_status,remarks"
2026-03-31T07:22:50.772Z,sr06,sales_rep,s1qma015ma,updated,,remarks
2026-03-31T07:23:34.659Z,sr06,sales_rep,s1qma015ma,updated,,call_status
2026-03-31T07:57:36.841Z,sr06,sales_rep,eyns7kaax5,updated,,"lead_quality,call_status,lead_status,remarks"
2026-03-31T08:26:53.907Z,sr06,sales_rep,u5ueot2bv9,updated,,remarks
2026-03-31T09:43:53.711Z,sr06,sales_rep,u5ueot2bv9,updated,,call_status
2026-03-31T09:46:32.853Z,sr06,sales_rep,x81nah0wm8,updated,,"call_status,remarks"
2026-03-31T09:49:28.042Z,sr06,sales_rep,1gebq7spoe,updated,,"call_status,lead_status,lead_quality,remarks"
2026-03-31T10:00:31.568Z,sr06,sales_rep,sjyywwt965,updated,,"call_status,remarks"
2026-03-31T10:11:51.411Z,sr06,sales_rep,nb6sca1m0t,updated,,"call_status,remarks"
2026-03-31T10:12:35.518Z,sr06,sales_rep,nb6sca1m0t,updated,,"lead_status,lead_quality"
2026-03-31T10:13:47.790Z,sr06,sales_rep,6w8q7o7y7h,updated,,remarks
2026-03-31T10:13:53.149Z,sr06,sales_rep,6w8q7o7y7h,updated,,call_status
2026-03-31T10:30:50.512Z,sr07,sales_rep,4ylywyemnf,updated,,"remarks,call_status"
2026-03-31T10:35:18.040Z,sr06,sales_rep,uul4k2upsu,updated,,"call_status,remarks"
2026-03-31T10:36:50.624Z,sr06,sales_rep,2s685fhhrr,updated,,"call_status,remarks"
2026-03-31T10:43:11.398Z,sr06,sales_rep,n1bzsa6br5,updated,,"call_status,remarks"
2026-03-31T10:49:51.968Z,sr06,sales_rep,548ayhci93,updated,,"call_status,remarks"
2026-03-31T10:54:38.612Z,sr07,sales_rep,zow4hu9a3m,updated,,"remarks,call_status"
2026-03-31T10:57:08.500Z,sr07,sales_rep,pn24yac030,updated,,"remarks,call_status"
2026-03-31T11:04:35.540Z,sr07,sales_rep,ud8dwtvke3,updated,,"remarks,call_status"
2026-03-31T11:06:14.510Z,sr07,sales_rep,u6qf4eclh0,updated,,"remarks,call_status,meaningful_connect"
2026-03-31T11:07:28.802Z,sr07,sales_rep,8x51mf0yrx,updated,,"remarks,call_status"
2026-03-31T11:18:52.224Z,sr06,sales_rep,ypk7gcaumc,updated,,"call_status,remarks"
2026-03-31T11:18:55.674Z,sr06,sales_rep,ypk7gcaumc,updated,,lead_status
2026-03-31T11:21:35.760Z,sr07,sales_rep,cdqabbj6sl,updated,,"remarks,meaningful_connect,lead_quality,call_status,lead_status"
2026-03-31T11:25:08.690Z,sr07,sales_rep,ud8dwtvke3,updated,,"call_status,lead_status,remarks,lead_quality,meaningful_connect"
2026-03-31T11:33:35.261Z,sr07,sales_rep,t0f2gc1buv,updated,,"meaningful_connect,lead_quality,call_status,lead_status,remarks"
2026-03-31T11:34:09.508Z,sr07,sales_rep,t0f2gc1buv,updated,,"lead_status,lead_quality"
2026-03-31T11:35:41.251Z,sr06,sales_rep,wnhiehumnq,updated,,"call_status,remarks"
2026-03-31T11:35:53.352Z,sr07,sales_rep,n9kf8bz7r1,updated,,"remarks,call_status"
2026-03-31T11:37:08.840Z,sr07,sales_rep,5lv7fk9kh0,updated,,"remarks,meaningful_connect,lead_quality,call_status,lead_status"
2026-03-31T11:39:00.737Z,sr07,sales_rep,ogla1pk06h,updated,,"remarks,meaningful_connect,call_status"
2026-03-31T11:40:00.246Z,sr07,sales_rep,nk5g1r6pps,updated,,"remarks,call_status,meaningful_connect"
2026-03-31T11:42:01.087Z,sr07,sales_rep,flojh4rkor,updated,,"remarks,lead_status,call_status,lead_quality,meaningful_connect"
2026-03-31T11:44:46.709Z,sr07,sales_rep,ts6auie4z2,updated,,"remarks,lead_status,meaningful_connect"
2026-03-31T11:46:59.930Z,sr07,sales_rep,ypd0d5fyly,updated,,"remarks,meaningful_connect,lead_quality,call_status,lead_status"
2026-03-31T11:49:48.159Z,sr07,sales_rep,fn3sdswtzk,updated,,"remarks,meaningful_connect,lead_quality,call_status,lead_status"
2026-03-31T12:15:57.373Z,sr06,sales_rep,wcesi5uxmv,updated,,"call_status,lead_status,meaningful_connect,lead_quality,plan_option,remarks"
2026-03-31T12:38:29.047Z,sr06,sales_rep,3dj8npmt2p,updated,,"call_status,remarks"
2026-03-31T12:40:46.034Z,sr07,sales_rep,dwpwpoh1sp,updated,,"remarks,lead_status,call_status,lead_quality,meaningful_connect"
2026-03-31T12:42:50.429Z,sr06,sales_rep,l79nv3ymcw,updated,,"call_status,remarks"
2026-03-31T12:44:15.524Z,sr07,sales_rep,dwpwpoh1sp,updated,,"remarks,lead_status,lead_quality"
2026-03-31T12:44:20.269Z,sr07,sales_rep,dwpwpoh1sp,updated,,lead_status
2026-03-31T12:44:32.469Z,sr06,sales_rep,tamcyrzyen,updated,,"call_status,remarks"
2026-03-31T12:46:59.942Z,sr07,sales_rep,l3wd44vdjm,updated,,"remarks,meaningful_connect,lead_quality,call_status,lead_status"
2026-03-31T12:47:32.230Z,sr06,sales_rep,ddfxj5s37b,updated,,"call_status,remarks"
2026-03-31T12:49:56.925Z,sr07,sales_rep,w1hqba2djh,updated,,"remarks,lead_status"
2026-03-31T12:50:30.317Z,sr07,sales_rep,w1hqba2djh,updated,,"lead_status,call_status"
2026-03-31T12:53:29.864Z,sr07,sales_rep,g8gr4squ6r,updated,,"meaningful_connect,call_status,remarks"
2026-03-31T12:55:55.409Z,sr06,sales_rep,3frrb6r52o,updated,,"lead_quality,call_status,remarks"
2026-03-31T12:58:46.029Z,sr06,sales_rep,d9pw1ybjx8,updated,,"call_status,remarks"
2026-03-31T13:00:43.609Z,sr06,sales_rep,jyykycf5yz,updated,,"call_status,remarks"
2026-03-31T13:04:12.716Z,sr06,sales_rep,ddfxj5s37b,updated,,remarks
2026-03-31T13:05:54.755Z,sr07,sales_rep,xi0achzttt,updated,,"remarks,meaningful_connect,lead_quality,call_status,lead_status"
2026-03-31T13:05:57.582Z,sr06,sales_rep,ddfxj5s37b,updated,,call_status
2026-03-31T13:12:15.525Z,sr06,sales_rep,a9mwdxssym,updated,,"call_status,remarks"
2026-03-31T13:16:51.519Z,sr06,sales_rep,ucq0irgldg,updated,,"call_status,remarks"
2026-03-31T13:16:54.428Z,sr06,sales_rep,ucq0irgldg,updated,,remarks
2026-03-31T13:18:11.486Z,sr06,sales_rep,rhrwj92nd1,updated,,"call_status,remarks"
2026-03-31T13:18:43.690Z,sr07,sales_rep,8sp3w9c1pc,updated,,"lead_quality,meaningful_connect,call_status,lead_status,remarks"
2026-03-31T13:28:25.484Z,sr06,sales_rep,g2uiaiekbn,updated,,"call_status,lead_quality,meaningful_connect,lead_status,remarks"
2026-03-31T13:29:55.055Z,sr07,sales_rep,u3cjed43rw,updated,,"remarks,meaningful_connect,lead_quality,call_status,lead_status"
2026-03-31T13:30:29.689Z,sr06,sales_rep,2g8cgvhh8e,updated,,"call_status,remarks"
2026-03-31T13:31:27.292Z,sr07,sales_rep,lo0zr91upr,updated,,"meaningful_connect,lead_quality,call_status,remarks"
2026-03-31T13:31:35.133Z,sr07,sales_rep,lo0zr91upr,updated,,remarks
2026-03-31T13:32:09.435Z,sr06,sales_rep,x17fubzqna,updated,,"call_status,remarks"
2026-03-31T13:35:28.819Z,sr07,sales_rep,j3z73d1bnk,updated,,"remarks,meaningful_connect,lead_quality,call_status,lead_status"
2026-03-31T13:44:40.658Z,sr06,sales_rep,k87dgonv4t,updated,,"call_status,remarks"
2026-03-31T13:47:30.130Z,sr06,sales_rep,3b7wzgq7wi,updated,,"call_status,remarks"
2026-04-01T05:34:21.380Z,sr07,sales_rep,9t4xjkxxru,updated,,"call_status,remarks"
2026-04-01T06:40:44.082Z,sr06,sales_rep,982akhlzdn,updated,,remarks
2026-04-01T06:40:56.306Z,sr06,sales_rep,982akhlzdn,updated,,"lead_quality,call_status,lead_status"
2026-04-01T07:28:27.153Z,sr06,sales_rep,ad82gp1ux3,updated,,"call_status,remarks"
2026-04-01T07:35:46.127Z,sr06,sales_rep,phmc2kn2p5,updated,,"call_status,remarks"
2026-04-01T07:59:41.868Z,sr07,sales_rep,dwpwpoh1sp,updated,,"meaningful_connect,lead_status,plan_option,remarks"
2026-04-01T08:00:01.152Z,sr06,sales_rep,91g6bsua7y,updated,,"call_status,remarks"
2026-04-01T08:06:27.281Z,sr06,sales_rep,mqw6wmc1ko,updated,,"call_status,lead_status,lead_quality,remarks"
2026-04-01T09:29:55.474Z,sr06,sales_rep,dxibhxd8bg,updated,,"lead_status,call_status,lead_quality,remarks"
2026-04-01T09:31:02.441Z,sr06,sales_rep,oru8x9u9tk,updated,,"call_status,remarks"
2026-04-01T09:32:30.352Z,sr06,sales_rep,zcqnjzqfi6,updated,,"call_status,remarks"
2026-04-01T09:33:49.760Z,sr06,sales_rep,phmc2kn2p5,updated,,"call_status,remarks"
2026-04-01T09:35:57.726Z,sr07,sales_rep,fspsxv3qmx,updated,,"remarks,call_status"
2026-04-01T09:37:46.057Z,sr07,sales_rep,dni48nptwu,updated,,"remarks,call_status"
2026-04-01T09:38:27.939Z,sr07,sales_rep,4dalvsc8ei,updated,,"remarks,call_status"
2026-04-01T09:39:11.241Z,sr06,sales_rep,hpjmx844p3,updated,,"lead_quality,call_status,lead_status,remarks"
2026-04-01T09:47:23.168Z,sr07,sales_rep,02blmo9wsq,updated,,"call_status,remarks"
2026-04-01T10:17:22.233Z,sr07,sales_rep,xww1upvqha,updated,,"remarks,call_status"
2026-04-01T10:32:50.634Z,sr07,sales_rep,hqdvj4ojoy,updated,,"meaningful_connect,lead_quality,call_status,lead_status,remarks"
2026-04-01T10:43:19.796Z,sr06,sales_rep,bwm63sxn3y,updated,,"call_status,remarks"
2026-04-02T10:36:07.656Z,sr07,sales_rep,p39jiq7jhd,updated,,"call_status,remarks"
2026-04-02T11:29:27.996Z,sr07,sales_rep,cm8hididym,updated,,"meaningful_connect,remarks,call_status"
2026-04-02T11:31:10.532Z,sr07,sales_rep,p75rdqtl6g,updated,,"call_status,remarks"
2026-04-02T11:33:22.151Z,sr07,sales_rep,4xiddsh0qv,updated,,"call_status,remarks"
2026-04-07T06:26:45.622Z,sr06,sales_rep,g2uiaiekbn,updated,,"remarks,plan_option,lead_status"
2026-04-07T07:07:38.620Z,sr06,sales_rep,yr12h3nui9,updated,,"lead_quality,call_status,lead_status,remarks"
2026-04-07T07:08:29.258Z,sr06,sales_rep,yr12h3nui9,updated,,remarks
2026-04-07T07:08:37.778Z,sr06,sales_rep,yr12h3nui9,updated,,remarks
2026-04-07T07:41:21.681Z,sr07,sales_rep,t0f2gc1buv,updated,,"remarks,lead_status,plan_option"
2026-04-07T07:41:29.020Z,sr07,sales_rep,t0f2gc1buv,updated,,remarks
2026-04-07T11:52:35.768Z,sr07,sales_rep,4nkcq05xbw,updated,,"remarks,meaningful_connect,call_status"
2026-04-07T11:53:54.991Z,sr07,sales_rep,8d1e3x56hc,updated,,"remarks,lead_status,meaningful_connect,call_status,lead_quality"
2026-04-07T11:55:35.931Z,sr07,sales_rep,ehxpx698s4,updated,,"remarks,call_status,lead_quality"
2026-04-07T12:07:58.599Z,sr07,sales_rep,v68a2tmi40,updated,,"remarks,meaningful_connect,lead_quality,call_status,lead_status"
2026-04-07T12:14:21.713Z,sr07,sales_rep,p39jiq7jhd,updated,,"remarks,lead_status,lead_quality,meaningful_connect"
2026-04-07T12:16:03.772Z,sr07,sales_rep,vdbah1ml9h,updated,,"remarks,call_status"
2026-04-07T12:17:37.421Z,sr07,sales_rep,lk5sonuxgm,updated,,"meaningful_connect,call_status,remarks"
2026-04-07T12:19:00.259Z,sr07,sales_rep,h02fhcjvct,updated,,"remarks,call_status"
2026-04-07T12:24:14.420Z,sr07,sales_rep,fv1dgdyfdc,updated,,"meaningful_connect,lead_quality,call_status,lead_status,remarks"
2026-04-07T12:32:44.542Z,sr06,sales_rep,qeuxvvi16k,updated,,"call_status,remarks"
2026-04-07T12:32:50.254Z,sr06,sales_rep,qeuxvvi16k,updated,,lead_status
2026-04-07T12:35:12.049Z,sr06,sales_rep,voh7bmgbre,updated,,"call_status,remarks"
2026-04-07T12:36:57.274Z,sr07,sales_rep,ipz7gm4cuv,updated,,"remarks,meaningful_connect,lead_quality,call_status,lead_status"
2026-04-07T12:39:04.559Z,sr07,sales_rep,boawpdhin1,updated,,"remarks,meaningful_connect,lead_quality,call_status,lead_status"
2026-04-07T12:43:38.057Z,sr07,sales_rep,tbdbb9ypft,updated,,"remarks,meaningful_connect,lead_quality,call_status,lead_status"
2026-04-07T12:45:13.078Z,sr07,sales_rep,ooh1joukio,updated,,"call_status,remarks"
2026-04-07T12:46:19.166Z,sr06,sales_rep,60k2ho4gbj,updated,,"call_status,remarks"
2026-04-07T12:46:41.350Z,sr07,sales_rep,1jygsynuff,updated,,"call_status,remarks"
2026-04-07T12:51:59.805Z,sr06,sales_rep,wd08hnuuw1,updated,,"call_status,lead_status,lead_quality,remarks"
2026-04-07T12:59:07.551Z,sr06,sales_rep,gwbebd6wot,updated,,"call_status,remarks"
2026-04-07T13:04:09.945Z,sr06,sales_rep,gwbebd6wot,updated,,remarks
2026-04-07T13:06:33.644Z,sr07,sales_rep,ooh1joukio,updated,,"remarks,lead_status,lead_quality,meaningful_connect"
2026-04-07T13:06:56.024Z,sr06,sales_rep,b43g1cyivs,updated,,"call_status,remarks"
2026-04-07T13:07:07.386Z,sr06,sales_rep,b43g1cyivs,updated,,lead_status
2026-04-08T05:46:36.119Z,sr07,sales_rep,yqmq1axhex,updated,,"remarks,call_status"
2026-04-08T05:48:08.639Z,sr07,sales_rep,z3dsaf57eh,updated,,"remarks,lead_status,call_status,lead_quality,meaningful_connect"
2026-04-08T05:50:59.410Z,sr07,sales_rep,44obkj77ph,updated,,"meaningful_connect,lead_quality,call_status,lead_status,remarks"
2026-04-08T05:52:08.211Z,sr07,sales_rep,957zaiaidg,updated,,"remarks,meaningful_connect,lead_quality,call_status,lead_status"
2026-04-08T05:54:26.071Z,sr07,sales_rep,vlm1li22pk,updated,,"call_status,remarks"
2026-04-08T05:56:19.347Z,sr07,sales_rep,vb591geilk,updated,,"call_status,remarks"
2026-04-08T06:31:57.218Z,sr07,sales_rep,957zaiaidg,updated,,"lead_status,meaningful_connect,lead_quality,remarks"
2026-04-08T06:33:43.307Z,sr07,sales_rep,ps4qzqk1xr,updated,,"remarks,lead_status,call_status,lead_quality,meaningful_connect"
2026-04-08T06:35:01.499Z,sr07,sales_rep,j28aef13vk,updated,,"call_status,remarks"
2026-04-08T06:47:40.178Z,sr07,sales_rep,apgx5pnlwm,updated,,"remarks,meaningful_connect,lead_quality,call_status,lead_status"
2026-04-08T06:50:09.199Z,sr07,sales_rep,kz2r6w6ozp,updated,,"remarks,call_status"
2026-04-08T06:54:01.236Z,sr07,sales_rep,d2u6039c2c,updated,,"remarks,meaningful_connect,lead_quality,call_status,lead_status"
2026-04-08T06:56:17.286Z,sr07,sales_rep,ld11cfc4ib,updated,,remarks
2026-04-08T06:56:21.010Z,sr07,sales_rep,ld11cfc4ib,updated,,call_status
2026-04-08T06:57:39.357Z,sr07,sales_rep,ud8sugexgc,updated,,"call_status,remarks"
2026-04-08T06:59:12.887Z,sr07,sales_rep,w5yo5p8yal,updated,,"remarks,call_status,meaningful_connect,lead_quality,lead_status"
2026-04-08T07:01:20.750Z,sr07,sales_rep,nbqai1xw4o,updated,,"remarks,call_status"
2026-04-08T07:29:01.543Z,sr07,sales_rep,nbqai1xw4o,updated,,"meaningful_connect,lead_quality,call_status,lead_status,remarks"
2026-04-08T07:51:49.822Z,sr07,sales_rep,xm5b18rkqm,updated,,remarks
2026-04-08T07:51:53.309Z,sr07,sales_rep,xm5b18rkqm,updated,,call_status
2026-04-08T08:20:00.646Z,sr07,sales_rep,nq0fq03o6p,updated,,"remarks,meaningful_connect,lead_quality,call_status,lead_status"
2026-04-08T08:25:39.184Z,sr07,sales_rep,21dqvwd6rk,updated,,"remarks,call_status"
2026-04-08T12:46:38.846Z,sr07,sales_rep,s9bfp2xfql,updated,,"remarks,meaningful_connect,lead_quality,call_status,lead_status"
2026-04-08T12:48:04.896Z,sr07,sales_rep,643efi4w4v,updated,,"meaningful_connect,lead_quality,call_status,lead_status"
2026-04-08T12:49:30.494Z,sr07,sales_rep,s27szfu96w,updated,,"call_status,remarks"
2026-04-08T12:50:39.361Z,sr07,sales_rep,zvt1yntlfc,updated,,"remarks,meaningful_connect,lead_quality,call_status,lead_status"
2026-04-08T12:53:05.751Z,sr07,sales_rep,d9pdt2iuwm,updated,,"meaningful_connect,lead_quality,call_status,lead_status,remarks"
2026-04-08T13:01:35.562Z,sr07,sales_rep,8fhom1b3hd,updated,,"remarks,meaningful_connect,lead_quality,call_status,lead_status"
2026-04-08T13:21:07.401Z,sr07,sales_rep,zvt1yntlfc,updated,,"remarks,lead_quality"
2026-04-08T13:24:23.918Z,sr07,sales_rep,3featqe4po,updated,,"meaningful_connect,lead_quality,call_status,lead_status,plan_option,remarks"
2026-04-09T06:21:04.972Z,sr07,sales_rep,pb99akfh7x,updated,,"meaningful_connect,lead_quality,call_status,lead_status,remarks"
2026-04-09T07:12:52.177Z,sr07,sales_rep,8ouhfe3jyt,updated,,"remarks,meaningful_connect,lead_quality,call_status,lead_status"
2026-04-09T07:14:09.284Z,sr07,sales_rep,sxl9rwjhkw,updated,,"remarks,call_status"
2026-04-09T07:15:51.037Z,sr07,sales_rep,yi30nepq3p,updated,,"remarks,call_status,lead_status,meaningful_connect,lead_quality"
2026-04-09T07:16:33.636Z,sr07,sales_rep,z7glksgnk1,updated,,"call_status,remarks"
2026-04-09T07:20:57.927Z,sr07,sales_rep,b0rmdngq55,updated,,"remarks,meaningful_connect,lead_quality,call_status,lead_status"
2026-04-09T07:26:38.438Z,sr07,sales_rep,v9cpg86e0q,updated,,"meaningful_connect,lead_quality,lead_status"
2026-04-09T07:26:46.569Z,sr07,sales_rep,v9cpg86e0q,updated,,remarks
2026-04-09T07:36:16.606Z,sr07,sales_rep,e6quwbvy3a,updated,,"remarks,meaningful_connect,lead_quality,call_status"
2026-04-09T07:56:42.952Z,sr07,sales_rep,lo2p62zy2p,updated,,remarks
2026-04-09T07:57:06.105Z,sr07,sales_rep,lo2p62zy2p,updated,,"meaningful_connect,lead_quality,call_status"
2026-04-09T08:23:31.906Z,sr07,sales_rep,v9w1trwzxa,updated,,"meaningful_connect,lead_quality,call_status,lead_status,remarks"
2026-04-09T11:43:55.891Z,sr07,sales_rep,v9w1trwzxa,updated,,lead_status
2026-04-09T11:44:55.524Z,sr07,sales_rep,4n0owns6un,updated,,"remarks,lead_quality,call_status,lead_status"
2026-04-09T11:44:59.365Z,sr07,sales_rep,4n0owns6un,updated,,meaningful_connect
2026-04-09T13:06:11.424Z,sr07,sales_rep,hnq54u6oc3,updated,,"meaningful_connect,lead_quality,call_status,lead_status,remarks"
2026-04-09T13:07:14.667Z,sr07,sales_rep,59haaaeh03,updated,,"remarks,meaningful_connect,lead_quality,call_status,lead_status"
2026-04-09T13:09:43.031Z,sr07,sales_rep,66n1c6w4lg,updated,,"remarks,meaningful_connect,lead_quality,call_status,lead_status"
2026-04-09T13:13:12.345Z,sr07,sales_rep,t0n4mm0j1d,updated,,"meaningful_connect,call_status,remarks"
2026-04-09T13:14:20.530Z,sr07,sales_rep,x5klk2dd92,updated,,"remarks,meaningful_connect,lead_quality,call_status,lead_status"
2026-04-09T13:15:43.405Z,sr07,sales_rep,e06vp4egot,updated,,"lead_status,lead_quality,meaningful_connect,call_status"
2026-04-09T13:15:53.199Z,sr07,sales_rep,e06vp4egot,updated,,remarks
2026-04-09T13:17:43.788Z,sr07,sales_rep,g6g2w2fru4,updated,,"remarks,call_status"
2026-04-09T13:19:24.356Z,sr07,sales_rep,t0n4mm0j1d,updated,,"meaningful_connect,lead_quality,call_status,lead_status"
2026-04-09T13:22:07.740Z,sr07,sales_rep,nbqai1xw4o,updated,,"remarks,lead_status"
2026-04-09T13:25:21.606Z,sr07,sales_rep,gg8ofl1pgj,updated,,"lead_status,remarks"
2026-04-09T13:29:14.499Z,sr07,sales_rep,sfjncn8xyc,updated,,"remarks,call_status"
2026-04-10T06:50:59.428Z,sr07,sales_rep,06hyoanvlk,updated,,"call_status,remarks"
2026-04-10T06:53:58.726Z,sr07,sales_rep,g260qbs87z,updated,,"remarks,call_status"
2026-04-10T07:02:33.323Z,sr07,sales_rep,uvgxd6l76a,updated,,"remarks,call_status"
2026-04-10T07:18:44.149Z,sr09,sales_rep,7jn0m5gw5i,updated,,"call_status,remarks"
2026-04-10T07:44:18.743Z,sr09,sales_rep,vxldzoyr2i,updated,,"remarks,call_status"
2026-04-10T08:13:50.456Z,sr09,sales_rep,7jn0m5gw5i,updated,,"remarks,call_status,lead_quality,meaningful_connect,lead_status"
2026-04-10T09:35:11.072Z,sr07,sales_rep,bxjfnp4j15,updated,,remarks
2026-04-10T09:46:54.899Z,sr09,sales_rep,122eir4zm6,updated,,remarks
2026-04-10T09:47:00.710Z,sr09,sales_rep,vxldzoyr2i,updated,,remarks
2026-04-10T09:47:08.421Z,sr09,sales_rep,122eir4zm6,updated,,remarks
2026-04-10T10:03:34.371Z,sr09,sales_rep,nm12ntmn7b,updated,,remarks
2026-04-10T10:04:59.525Z,sr09,sales_rep,7jn0m5gw5i,updated,,remarks
2026-04-10T10:15:48.746Z,sr09,sales_rep,7jn0m5gw5i,updated,,remarks
2026-04-10T10:17:12.283Z,sr07,sales_rep,bxjfnp4j15,updated,,"remarks,lead_status,meaningful_connect,lead_quality"
2026-04-10T10:17:38.086Z,sr09,sales_rep,nm12ntmn7b,updated,,"meaningful_connect,lead_quality,call_status,lead_status"
2026-04-10T10:17:54.722Z,sr09,sales_rep,di2tstygxx,updated,,remarks
2026-04-10T10:18:35.596Z,sr09,sales_rep,di2tstygxx,updated,,remarks
2026-04-10T10:18:57.195Z,sr09,sales_rep,122eir4zm6,updated,,call_status
2026-04-10T10:19:00.101Z,sr07,sales_rep,bxjfnp4j15,updated,,call_status
2026-04-10T10:19:11.838Z,sr09,sales_rep,e74op2rmu0,updated,,call_status
2026-04-10T10:19:26.858Z,sr09,sales_rep,di2tstygxx,updated,,call_status
2026-04-10T10:20:30.845Z,sr09,sales_rep,e74op2rmu0,updated,,"call_status,remarks"
2026-04-10T10:29:55.609Z,sr09,sales_rep,e74op2rmu0,updated,,"remarks,call_status,meaningful_connect,lead_quality,lead_status"
2026-04-10T10:44:41.380Z,sr07,sales_rep,tiado09bnn,updated,,"remarks,meaningful_connect,lead_quality,call_status,lead_status,plan_option"
2026-04-10T10:46:03.321Z,sr07,sales_rep,tiado09bnn,updated,,remarks
2026-04-10T11:13:31.498Z,sr09,sales_rep,hclqvwsehe,updated,,remarks
2026-04-10T11:23:59.953Z,sr09,sales_rep,gsmhbqdu5k,updated,,remarks
2026-04-10T11:25:16.705Z,sr09,sales_rep,hclqvwsehe,updated,,call_status
2026-04-10T11:25:22.005Z,sr09,sales_rep,gsmhbqdu5k,updated,,call_status
2026-04-10T12:04:33.859Z,sr09,sales_rep,gsmhbqdu5k,updated,,"call_status,remarks,meaningful_connect,lead_quality,lead_status"
2026-04-10T12:05:37.472Z,sr09,sales_rep,zp2njsbie9,updated,,"call_status,remarks"
2026-04-10T12:08:43.894Z,sr09,sales_rep,77t9r03nrp,updated,,"call_status,remarks"
2026-04-13T06:03:22.522Z,sr09,sales_rep,7jn0m5gw5i,updated,,next_followup_date
2026-04-13T06:03:54.207Z,sr09,sales_rep,nm12ntmn7b,updated,,next_followup_date
2026-04-13T06:04:06.874Z,sr09,sales_rep,e74op2rmu0,updated,,next_followup_date
2026-04-13T06:04:16.667Z,sr09,sales_rep,gsmhbqdu5k,updated,,next_followup_date
2026-04-13T06:04:26.714Z,sr09,sales_rep,77t9r03nrp,updated,,next_followup_date
2026-04-13T06:53:24.740Z,sr06,sales_rep,67w7037qcw,updated,,assigned_rep_id
2026-04-13T06:55:52.873Z,sr09,sales_rep,7udnyvxf95,updated,,assigned_rep_id
2026-04-13T06:56:28.880Z,sr09,sales_rep,q5va7flqpm,updated,,assigned_rep_id
2026-04-13T06:56:45.488Z,sr09,sales_rep,czfogwb16e,updated,,assigned_rep_id
2026-04-13T06:57:06.612Z,sr09,sales_rep,7wvairdtfw,updated,,assigned_rep_id
2026-04-13T06:57:17.427Z,sr09,sales_rep,51qc6b90t2,updated,,assigned_rep_id
2026-04-13T06:57:33.110Z,sr09,sales_rep,m2l0i4otbi,updated,,assigned_rep_id
2026-04-13T06:57:41.279Z,sr09,sales_rep,4jbykcvlfh,updated,,assigned_rep_id
2026-04-13T06:57:50.059Z,sr09,sales_rep,41q95j0hj5,updated,,assigned_rep_id
2026-04-13T06:57:57.878Z,sr09,sales_rep,p4xmt2j2c8,updated,,assigned_rep_id
2026-04-13T06:58:11.631Z,sr09,sales_rep,y8tq3lijar,updated,,assigned_rep_id
2026-04-13T06:58:19.611Z,sr09,sales_rep,428z6cj68y,updated,,assigned_rep_id
2026-04-13T06:58:29.520Z,sr09,sales_rep,4y171txhc0,updated,,assigned_rep_id
2026-04-13T06:58:35.447Z,sr09,sales_rep,os5odll48a,updated,,assigned_rep_id
2026-04-13T07:01:43.832Z,sr09,sales_rep,ay11nvdksb,updated,,assigned_rep_id
2026-04-13T07:01:52.086Z,sr09,sales_rep,7uz59xocr5,updated,,assigned_rep_id
2026-04-13T07:01:59.977Z,sr09,sales_rep,seirqzr243,updated,,assigned_rep_id
2026-04-13T07:02:07.250Z,sr09,sales_rep,oe7ajzy9k9,updated,,assigned_rep_id
2026-04-13T07:02:20.063Z,sr09,sales_rep,9dza3hs7sd,updated,,assigned_rep_id
2026-04-13T07:16:07.040Z,sr09,sales_rep,hakzj4ple1,updated,,assigned_rep_id
2026-04-13T07:16:36.950Z,sr09,sales_rep,nexlkgwv7i,updated,,assigned_rep_id
2026-04-13T07:17:34.760Z,sr09,sales_rep,8ysuwjyx3e,updated,,assigned_rep_id
2026-04-13T11:18:04.974Z,sr09,sales_rep,8fu60ok73f,updated,,assigned_rep_id
2026-04-13T11:18:10.114Z,sr09,sales_rep,di2tstygxx,updated,,assigned_rep_id
2026-04-13T11:53:36.759Z,sr09,sales_rep,7jn0m5gw5i,updated,,remarks
2026-04-13T11:53:57.166Z,sr09,sales_rep,7jn0m5gw5i,updated,,"lead_quality,lead_status"
2026-04-13T12:01:41.611Z,sr09,sales_rep,vxldzoyr2i,updated,,"remarks,call_status,lead_quality,lead_status"
2026-04-13T12:01:45.649Z,sr09,sales_rep,vxldzoyr2i,updated,,meaningful_connect
2026-04-13T12:13:16.667Z,sr09,sales_rep,md6ndai4eo,updated,,"assigned_rep_id,next_followup_date,next_followup_time"
2026-04-13T12:15:40.660Z,sr09,sales_rep,xzi05oceds,updated,,assigned_rep_id
2026-04-13T12:15:52.026Z,sr09,sales_rep,vxldzoyr2i,updated,,lead_quality
2026-04-13T12:15:52.418Z,sr09,sales_rep,n99afcdzl2,updated,,assigned_rep_id
2026-04-13T12:16:03.309Z,sr09,sales_rep,ebk8bgt44a,updated,,assigned_rep_id
2026-04-13T12:16:26.607Z,sr09,sales_rep,ngni2hfvgi,updated,,assigned_rep_id
2026-04-13T12:16:33.513Z,sr09,sales_rep,6i26ei2ti4,updated,,assigned_rep_id
2026-04-13T12:16:43.653Z,sr09,sales_rep,611fyzg36h,updated,,assigned_rep_id
2026-04-13T12:16:53.736Z,sr09,sales_rep,o4733qbfnv,updated,,assigned_rep_id
2026-04-13T12:17:03.648Z,sr09,sales_rep,jgczf4eqzj,updated,,assigned_rep_id
2026-04-13T12:17:29.449Z,sr09,sales_rep,33fzk92n0o,updated,,assigned_rep_id
2026-04-13T12:17:37.410Z,sr09,sales_rep,0op8hmvi3l,updated,,assigned_rep_id
2026-04-13T12:17:46.027Z,sr09,sales_rep,cm6y2a3ywg,updated,,assigned_rep_id
2026-04-13T12:17:57.778Z,sr09,sales_rep,yhs01pbzps,updated,,assigned_rep_id
2026-04-13T12:18:08.123Z,sr09,sales_rep,yw9wzbovbe,updated,,assigned_rep_id
2026-04-13T12:26:31.506Z,sr09,sales_rep,1cvdzi88dt,updated,,assigned_rep_id
2026-04-13T12:26:41.686Z,sr09,sales_rep,rlmvf6gll7,updated,,assigned_rep_id
2026-04-13T12:26:48.155Z,sr09,sales_rep,e3cziubmje,updated,,assigned_rep_id
2026-04-13T12:27:21.261Z,sr09,sales_rep,y8wzefziv6,updated,,"lead_status,assigned_rep_id"
2026-04-13T12:44:07.961Z,sr09,sales_rep,00ky3vdtju,updated,,assigned_rep_id
2026-04-13T12:46:19.433Z,sr09,sales_rep,nkhgcuz2o8,updated,,assigned_rep_id
2026-04-13T12:48:26.181Z,sr09,sales_rep,tbtijf4ypt,updated,,assigned_rep_id
2026-04-13T12:48:32.129Z,sr09,sales_rep,5i6r0gf1qc,updated,,assigned_rep_id
2026-04-13T12:48:39.346Z,sr09,sales_rep,gkgbx4vqp9,updated,,assigned_rep_id
2026-04-13T12:48:46.322Z,sr09,sales_rep,i6g7atju21,updated,,assigned_rep_id
2026-04-13T12:48:53.098Z,sr09,sales_rep,hwvvy4gg3p,updated,,assigned_rep_id
2026-04-13T12:49:00.006Z,sr09,sales_rep,wdk8rd0e8w,updated,,assigned_rep_id
2026-04-13T12:49:09.908Z,sr09,sales_rep,610l6r934n,updated,,assigned_rep_id
2026-04-13T12:50:17.024Z,sr09,sales_rep,kbfxe332gy,updated,,assigned_rep_id
2026-04-13T12:50:23.325Z,sr09,sales_rep,8w2ac7lv4l,updated,,assigned_rep_id
2026-04-13T12:50:28.698Z,sr09,sales_rep,t2rt2y63up,updated,,assigned_rep_id
2026-04-13T12:50:35.781Z,sr09,sales_rep,40y4cs836c,updated,,assigned_rep_id
2026-04-13T12:50:44.290Z,sr09,sales_rep,k6xynwlk7g,updated,,assigned_rep_id
2026-04-13T12:50:49.756Z,sr09,sales_rep,515asjce12,updated,,assigned_rep_id
2026-04-13T12:51:04.688Z,sr09,sales_rep,ur2y2ar3p8,updated,,assigned_rep_id
2026-04-13T12:51:20.091Z,sr09,sales_rep,kkt5msqk5g,updated,,assigned_rep_id
2026-04-13T12:51:26.796Z,sr09,sales_rep,2tavyghv3i,updated,,assigned_rep_id
2026-04-13T12:51:55.055Z,sr07,sales_rep,191p2vm6yh,updated,,"remarks,meaningful_connect,lead_quality,call_status,lead_status,plan_option"
2026-04-13T12:52:09.449Z,sr09,sales_rep,ywy1lgc18z,updated,,assigned_rep_id
2026-04-13T12:53:51.029Z,sr09,sales_rep,122eir4zm6,updated,,remarks
2026-04-13T12:54:03.208Z,sr09,sales_rep,122eir4zm6,updated,,"call_status,lead_quality,lead_status,meaningful_connect"
2026-04-13T12:55:00.434Z,sr09,sales_rep,nm12ntmn7b,updated,,next_followup_date
2026-04-13T12:55:20.766Z,sr09,sales_rep,nm12ntmn7b,updated,,remarks
2026-04-13T13:08:43.709Z,sr09,sales_rep,kiotkauezp,updated,,assigned_rep_id
2026-04-13T13:08:50.162Z,sr09,sales_rep,sxnm3pmlvn,updated,,assigned_rep_id
2026-04-13T13:12:51.059Z,sr09,sales_rep,e74op2rmu0,updated,,"lead_status,lead_quality,remarks"
2026-04-13T13:14:17.236Z,sr09,sales_rep,hclqvwsehe,updated,,remarks
2026-04-13T13:14:33.949Z,sr09,sales_rep,hclqvwsehe,updated,,"call_status,meaningful_connect,lead_status,lead_quality,next_followup_date"
2026-04-13T13:15:26.364Z,sr09,sales_rep,gsmhbqdu5k,updated,,"remarks,next_followup_date"
2026-04-13T13:16:14.288Z,sr09,sales_rep,zp2njsbie9,updated,,"remarks,next_followup_date"
2026-04-13T13:25:56.011Z,sr09,sales_rep,i6a2s7e4kf,updated,,"remarks,lead_status,lead_quality,meaningful_connect"
2026-04-13T13:33:39.353Z,sr09,sales_rep,i6a2s7e4kf,updated,,"remarks,next_followup_date,call_status"
2026-04-13T13:36:12.574Z,sr09,sales_rep,e74op2rmu0,updated,,lead_status
2026-04-13T14:53:15.236Z,sr09,sales_rep,77t9r03nrp,updated,,"lead_quality,meaningful_connect,lead_status,remarks"
2026-04-13T14:53:54.722Z,sr09,sales_rep,nm12ntmn7b,updated,,remarks
2026-04-14T05:29:53.163Z,sr09,sales_rep,xf4ht3kne9,updated,,assigned_rep_id
2026-04-14T05:30:09.756Z,sr09,sales_rep,mjf1eh3knn,updated,,assigned_rep_id
2026-04-14T05:30:19.142Z,sr09,sales_rep,j1acwtxc2b,updated,,assigned_rep_id
2026-04-14T05:30:31.713Z,sr09,sales_rep,sg0c0pwjrg,updated,,assigned_rep_id
2026-04-14T05:30:39.383Z,sr09,sales_rep,3pbumxfw3u,updated,,assigned_rep_id
2026-04-14T05:30:49.235Z,sr09,sales_rep,1yaoikjulh,updated,,assigned_rep_id
2026-04-14T05:31:15.698Z,sr09,sales_rep,thl0tdyunv,updated,,assigned_rep_id
2026-04-14T05:31:40.478Z,sr09,sales_rep,gpoolkde4o,updated,,assigned_rep_id
2026-04-14T05:31:54.740Z,sr09,sales_rep,utfx9gi0fi,updated,,assigned_rep_id
2026-04-14T05:32:04.695Z,sr09,sales_rep,l7pn1fh61l,updated,,assigned_rep_id
2026-04-14T05:32:12.225Z,sr09,sales_rep,gxbbl03bap,updated,,assigned_rep_id
2026-04-14T05:32:34.380Z,sr09,sales_rep,qijvm4md7h,updated,,assigned_rep_id
2026-04-14T05:32:40.219Z,sr09,sales_rep,lfwub3pqld,updated,,assigned_rep_id
2026-04-14T05:32:49.995Z,sr09,sales_rep,5bnji66jfi,updated,,assigned_rep_id
2026-04-14T05:32:56.518Z,sr09,sales_rep,22zi0xu3g2,updated,,assigned_rep_id
2026-04-14T05:33:04.212Z,sr09,sales_rep,15rp7pg9ch,updated,,assigned_rep_id
2026-04-14T05:33:09.950Z,sr09,sales_rep,701xdq9wgo,updated,,assigned_rep_id
2026-04-14T05:33:18.622Z,sr09,sales_rep,e47bcobxon,updated,,assigned_rep_id
2026-04-14T05:33:28.822Z,sr09,sales_rep,nzqo929py8,updated,,assigned_rep_id
2026-04-14T05:33:36.212Z,sr09,sales_rep,xbvjjgi8hk,updated,,assigned_rep_id
2026-04-14T05:33:42.981Z,sr09,sales_rep,5hmi208okb,updated,,assigned_rep_id
2026-04-14T05:33:49.192Z,sr09,sales_rep,wdjy7n28rh,updated,,assigned_rep_id
2026-04-14T05:33:56.027Z,sr09,sales_rep,gfcn11kdzy,updated,,assigned_rep_id
2026-04-14T05:34:03.225Z,sr09,sales_rep,q5syr4k5re,updated,,assigned_rep_id
2026-04-14T05:34:12.699Z,sr09,sales_rep,vbm2heyvph,updated,,assigned_rep_id
2026-04-14T05:35:39.820Z,sr09,sales_rep,rs52gj1oh2,updated,,assigned_rep_id
2026-04-14T05:35:45.577Z,sr09,sales_rep,8f7hlmokmu,updated,,assigned_rep_id
2026-04-14T05:35:55.006Z,sr09,sales_rep,v3jz9w54hg,updated,,assigned_rep_id
2026-04-14T05:36:14.458Z,sr09,sales_rep,yc2ufz8ovi,updated,,assigned_rep_id
2026-04-14T05:36:19.887Z,sr09,sales_rep,6osfwcvqu6,updated,,assigned_rep_id
2026-04-14T05:36:26.829Z,sr09,sales_rep,4ozmbh3tbq,updated,,assigned_rep_id
2026-04-14T05:36:44.433Z,sr09,sales_rep,17wswktv02,updated,,assigned_rep_id
2026-04-14T05:36:50.203Z,sr09,sales_rep,443ze4c1bm,updated,,assigned_rep_id
2026-04-14T05:36:56.479Z,sr09,sales_rep,as3t3q3ggb,updated,,assigned_rep_id
2026-04-14T05:37:03.609Z,sr09,sales_rep,ajcvoo142y,updated,,assigned_rep_id
2026-04-14T05:38:03.099Z,sr09,sales_rep,k6tbyevg16,updated,,assigned_rep_id
2026-04-14T05:38:11.907Z,sr09,sales_rep,3rtlr3if1c,updated,,assigned_rep_id
2026-04-14T05:38:17.616Z,sr09,sales_rep,5r798eca26,updated,,assigned_rep_id
2026-04-14T05:38:24.573Z,sr09,sales_rep,pec8kv8aa3,updated,,assigned_rep_id
2026-04-14T05:38:32.601Z,sr09,sales_rep,qpyqtik75t,updated,,assigned_rep_id
2026-04-14T05:38:41.478Z,sr09,sales_rep,ll5pk4gvp8,updated,,assigned_rep_id
2026-04-14T05:39:12.251Z,sr09,sales_rep,92blta4qnw,updated,,assigned_rep_id
2026-04-14T05:39:21.206Z,sr09,sales_rep,d1ld1k96ia,updated,,assigned_rep_id
2026-04-14T05:39:51.748Z,sr09,sales_rep,3v928zk3bz,updated,,assigned_rep_id
2026-04-14T05:40:00.910Z,sr09,sales_rep,6iw24jngwm,updated,,assigned_rep_id
2026-04-14T05:40:08.131Z,sr09,sales_rep,lzhxb3rpqr,updated,,assigned_rep_id
2026-04-14T05:40:16.270Z,sr09,sales_rep,gextlyqkma,updated,,assigned_rep_id
2026-04-14T05:40:23.706Z,sr09,sales_rep,oanu1u2v9m,updated,,assigned_rep_id
2026-04-14T05:40:50.963Z,sr09,sales_rep,2brlyikx8m,updated,,assigned_rep_id
2026-04-14T05:41:06.784Z,sr09,sales_rep,4tjzgml9my,updated,,assigned_rep_id
2026-04-14T05:41:16.759Z,sr09,sales_rep,f9ch9tq2zh,updated,,assigned_rep_id
2026-04-14T05:43:22.185Z,sr09,sales_rep,d4ingopw3z,updated,,assigned_rep_id
2026-04-14T05:43:30.683Z,sr09,sales_rep,ejjh53hm68,updated,,assigned_rep_id
2026-04-14T05:43:37.730Z,sr09,sales_rep,bmdb7imjdd,updated,,assigned_rep_id
2026-04-14T05:43:45.589Z,sr09,sales_rep,990qq58s09,updated,,assigned_rep_id
2026-04-14T05:45:32.583Z,sr09,sales_rep,v0b50tu1ia,updated,,assigned_rep_id
2026-04-14T05:46:04.006Z,sr09,sales_rep,m4n8guq5kq,updated,,assigned_rep_id
2026-04-14T05:46:11.295Z,sr09,sales_rep,orkezb5qyb,updated,,assigned_rep_id
2026-04-14T05:46:19.515Z,sr09,sales_rep,upjgwmugvt,updated,,assigned_rep_id
2026-04-14T05:46:51.376Z,sr09,sales_rep,s59015j2qp,updated,,assigned_rep_id
2026-04-14T05:47:11.501Z,sr09,sales_rep,6qaeoc2ovo,updated,,assigned_rep_id
2026-04-14T05:47:48.486Z,sr09,sales_rep,0jbr9yrydy,updated,,assigned_rep_id
2026-04-14T05:58:25.696Z,sr09,sales_rep,kmvo74y3kl,updated,,assigned_rep_id
2026-04-14T05:58:30.549Z,sr09,sales_rep,66im5twlu0,updated,,assigned_rep_id
2026-04-14T05:58:35.997Z,sr09,sales_rep,uz0dbrrqqu,updated,,assigned_rep_id
2026-04-14T05:58:42.106Z,sr09,sales_rep,6ls0mlcvxr,updated,,assigned_rep_id
2026-04-14T05:58:46.992Z,sr09,sales_rep,68sv4xb0dx,updated,,assigned_rep_id
2026-04-14T05:58:53.525Z,sr09,sales_rep,sbnf9xrw4b,updated,,assigned_rep_id
2026-04-14T05:58:58.728Z,sr09,sales_rep,huv90pvctf,updated,,assigned_rep_id
2026-04-14T05:59:06.293Z,sr09,sales_rep,t1682zlok6,updated,,assigned_rep_id
2026-04-14T05:59:18.736Z,sr09,sales_rep,elk7zv5hfi,updated,,assigned_rep_id
2026-04-14T05:59:24.089Z,sr09,sales_rep,p14m1c1dl8,updated,,assigned_rep_id
2026-04-14T05:59:43.168Z,sr09,sales_rep,4h88ym4izx,updated,,assigned_rep_id
2026-04-14T06:57:32.123Z,sr07,sales_rep,ij1tiomynf,updated,,remarks
2026-04-14T07:03:01.087Z,sr07,sales_rep,eqsif84xau,updated,,"meaningful_connect,call_status,remarks"
2026-04-14T07:04:44.399Z,sr07,sales_rep,kucrhzblgl,updated,,"call_status,remarks"
2026-04-14T07:07:39.866Z,sr07,sales_rep,50rrajztv3,updated,,"call_status,remarks"
2026-04-14T07:07:49.451Z,sr07,sales_rep,50rrajztv3,updated,,remarks
2026-04-14T07:10:20.750Z,sr07,sales_rep,gc1rzu6pp1,updated,,"lead_status,remarks"
2026-04-14T07:10:46.574Z,sr07,sales_rep,vu7spbkg3d,updated,,lead_status
2026-04-14T07:12:07.266Z,sr07,sales_rep,17wswktv02,updated,,"lead_status,lead_quality"
2026-04-14T07:12:15.079Z,sr06,sales_rep,5y3ih1xro1,updated,,"lead_status,remarks"
2026-04-14T07:12:31.843Z,sr07,sales_rep,pb99akfh7x,updated,,remarks
2026-04-14T07:12:37.961Z,sr07,sales_rep,pb99akfh7x,updated,,lead_status
2026-04-14T07:16:16.239Z,sr06,sales_rep,wcesi5uxmv,updated,,"lead_status,remarks"
2026-04-14T07:17:22.955Z,sr07,sales_rep,v9w1trwzxa,updated,,"remarks,lead_status"
2026-04-14T07:17:57.684Z,sr07,sales_rep,79i5or256l,updated,,lead_status
2026-04-14T07:18:07.143Z,sr07,sales_rep,9ly8gztici,updated,,lead_status
2026-04-14T07:18:25.994Z,sr07,sales_rep,j72t2alut2,updated,,lead_status
2026-04-14T07:19:02.580Z,sr07,sales_rep,191p2vm6yh,updated,,remarks
2026-04-14T07:19:26.769Z,sr06,sales_rep,r9sgx86jor,updated,,"lead_status,remarks"
2026-04-14T07:19:34.573Z,sr06,sales_rep,j8qqhvl9nz,updated,,lead_status
2026-04-14T07:20:09.209Z,sr07,sales_rep,new90s8gqp,updated,,remarks
2026-04-14T07:20:49.542Z,sr07,sales_rep,t0f2gc1buv,updated,,"lead_status,remarks"
2026-04-14T07:21:27.057Z,sr07,sales_rep,dwpwpoh1sp,updated,,"lead_status,remarks"
2026-04-14T07:22:48.739Z,sr06,sales_rep,wge8ip065q,updated,,"lead_status,remarks"
2026-04-14T07:23:11.133Z,sr06,sales_rep,8l6bmghorx,updated,,lead_status
2026-04-14T07:26:13.243Z,sr06,sales_rep,8l6bmghorx,updated,,"remarks,lead_status"
2026-04-14T07:26:54.059Z,sr06,sales_rep,g8qurzvbf7,updated,,"lead_status,remarks"
2026-04-14T07:30:28.550Z,sr06,sales_rep,zi9o9r2a2f,updated,,remarks
2026-04-14T08:10:03.901Z,sr07,sales_rep,50rrajztv3,updated,,"meaningful_connect,lead_quality,call_status,lead_status,remarks"
2026-04-14T08:11:26.171Z,sr07,sales_rep,51z98xyz76,updated,,"call_status,remarks"
2026-04-14T08:12:12.865Z,sr07,sales_rep,dd8rakbgdz,updated,,remarks
2026-04-14T08:12:17.856Z,sr07,sales_rep,dd8rakbgdz,updated,,call_status
2026-04-14T08:13:23.886Z,sr07,sales_rep,dru2gv8yfa,updated,,"call_status,remarks"
2026-04-14T08:14:13.234Z,sr07,sales_rep,zid6gjkpev,updated,,"remarks,call_status"
2026-04-14T08:16:45.409Z,sr07,sales_rep,snkgt8fujp,updated,,"remarks,meaningful_connect,lead_quality,call_status,lead_status"
2026-04-14T08:18:43.774Z,sr07,sales_rep,jq67hylt5i,updated,,"plan_option,lead_status,call_status,lead_quality,meaningful_connect,remarks"
2026-04-14T08:20:38.975Z,sr07,sales_rep,j1acwtxc2b,updated,,"call_status,remarks"
2026-04-14T08:25:23.017Z,sr07,sales_rep,v3jz9w54hg,updated,,"remarks,lead_status,meaningful_connect,lead_quality,call_status"
2026-04-14T08:26:43.022Z,sr07,sales_rep,8f7hlmokmu,updated,,"call_status,remarks"
2026-04-14T10:27:24.196Z,sr07,sales_rep,j1acwtxc2b,updated,,remarks
2026-04-14T10:40:00.201Z,sr09,sales_rep,7jn0m5gw5i,updated,,remarks
2026-04-14T10:43:47.919Z,sr09,sales_rep,nm12ntmn7b,updated,,"next_followup_date,next_followup_time,remarks"
2026-04-14T10:44:17.312Z,sr09,sales_rep,gsmhbqdu5k,updated,,remarks
2026-04-14T10:45:04.004Z,sr09,sales_rep,gsmhbqdu5k,updated,,next_followup_date
2026-04-14T10:46:58.755Z,sr09,sales_rep,zp2njsbie9,updated,,"remarks,next_followup_date,next_followup_time"
2026-04-14T10:47:09.390Z,sr09,sales_rep,gsmhbqdu5k,updated,,next_followup_time
2026-04-14T10:52:34.455Z,sr09,sales_rep,i6a2s7e4kf,updated,,"meaningful_connect,call_status,lead_quality,lead_status,next_followup_date,next_followup_time,remarks"
2026-04-14T11:00:46.337Z,sr09,sales_rep,f191gxq6xd,updated,,"call_status,remarks"
2026-04-14T11:00:56.563Z,sr09,sales_rep,f191gxq6xd,updated,,"next_followup_date,next_followup_time"
2026-04-14T11:01:17.240Z,sr09,sales_rep,v2e7iag1xn,updated,,"lead_quality,meaningful_connect,call_status,lead_status"
2026-04-14T11:05:02.330Z,sr09,sales_rep,vec1m4f893,updated,,"meaningful_connect,lead_quality,call_status,remarks"
2026-04-14T11:05:10.086Z,sr09,sales_rep,vec1m4f893,updated,,next_followup_time
2026-04-14T11:14:56.867Z,sr09,sales_rep,xh6zq7cifn,updated,,"meaningful_connect,lead_quality,call_status,lead_status,next_followup_date,next_followup_time,remarks"
2026-04-14T11:19:13.904Z,sr09,sales_rep,l6q1bb61px,updated,,"meaningful_connect,lead_quality,call_status,lead_status,remarks"
2026-04-14T11:34:37.512Z,sr09,sales_rep,mizk78dgcl,updated,,"meaningful_connect,lead_quality,call_status,lead_status,next_followup_date,next_followup_time,remarks"
2026-04-14T11:36:20.861Z,sr09,sales_rep,d0j952txj7,updated,,"remarks,call_status,next_followup_date,next_followup_time"
2026-04-14T12:21:44.927Z,sr09,sales_rep,pjk9tcyok9,updated,,"meaningful_connect,lead_quality,call_status,lead_status,next_followup_date,next_followup_time,remarks"
2026-04-14T12:30:55.237Z,sr09,sales_rep,e4ga9miybs,updated,,"call_status,remarks"
2026-04-14T12:51:21.407Z,sr09,sales_rep,ummiipghit,updated,,"remarks,next_followup_date,next_followup_time"
2026-04-14T12:51:34.701Z,sr09,sales_rep,ummiipghit,updated,,"meaningful_connect,lead_quality,call_status,lead_status"
2026-04-14T12:52:43.754Z,sr09,sales_rep,ta0n82g1rk,updated,,"call_status,remarks,next_followup_date,next_followup_time"
2026-04-14T12:54:10.133Z,sr09,sales_rep,s1z63oefq0,updated,,"call_status,remarks"
2026-04-14T12:55:32.587Z,sr06,sales_rep,07sq5iwld2,updated,,"call_status,remarks"
2026-04-14T12:55:36.453Z,sr09,sales_rep,hclqvwsehe,updated,,"next_followup_date,remarks"
2026-04-14T12:58:04.717Z,sr09,sales_rep,yrzac7sslq,updated,,"call_status,remarks"
2026-04-14T12:58:17.515Z,sr09,sales_rep,yrzac7sslq,updated,,"next_followup_date,next_followup_time"
2026-04-14T12:58:46.165Z,sr06,sales_rep,33fqk6jx0e,updated,,"call_status,remarks"
2026-04-14T13:01:09.212Z,sr06,sales_rep,rnvthbtg4j,updated,,"call_status,remarks"
2026-04-14T13:04:33.099Z,sr06,sales_rep,1l6spx8zs3,updated,,"call_status,lead_status,remarks"
2026-04-14T13:10:46.069Z,sr09,sales_rep,e98g3c9t8z,updated,,"next_followup_date,meaningful_connect,lead_quality,call_status,lead_status,next_followup_time,remarks"
2026-04-14T14:56:21.818Z,sr09,sales_rep,4p2i1qjx1j,updated,,"call_status,remarks,next_followup_date,next_followup_time"
2026-04-14T14:57:35.675Z,sr09,sales_rep,g8f2ld9uci,updated,,"call_status,next_followup_date,next_followup_time"
2026-04-14T14:57:42.505Z,sr09,sales_rep,g8f2ld9uci,updated,,remarks
2026-04-15T05:30:01.646Z,sr06,sales_rep,0uwjv2mok2,updated,,"call_status,lead_status,remarks"
2026-04-15T05:30:07.355Z,sr06,sales_rep,0uwjv2mok2,updated,,lead_quality
2026-04-15T05:31:41.652Z,sr06,sales_rep,w5dyh58i38,updated,,remarks
2026-04-15T05:31:50.567Z,sr06,sales_rep,w5dyh58i38,updated,,remarks
2026-04-15T05:31:59.922Z,sr06,sales_rep,w5dyh58i38,updated,,call_status
2026-04-15T05:54:56.573Z,sr06,sales_rep,7u6lsm8un4,updated,,remarks
2026-04-15T05:55:27.102Z,sr06,sales_rep,4lpnj3de6u,updated,,"lead_quality,call_status,remarks"
2026-04-15T05:57:28.835Z,sr06,sales_rep,k1gtitc7b0,updated,,"lead_quality,lead_status,call_status,remarks"
2026-04-15T05:58:06.552Z,sr06,sales_rep,882bg9qnnm,updated,,"call_status,remarks"
2026-04-15T06:00:31.734Z,sr06,sales_rep,7u6lsm8un4,updated,,call_status
2026-04-15T06:01:37.091Z,sr06,sales_rep,15wsgkgppg,updated,,"call_status,remarks"
2026-04-15T06:03:02.639Z,sr06,sales_rep,96tb3h7my2,updated,,"lead_status,call_status,remarks"
2026-04-15T06:07:52.518Z,sr06,sales_rep,jakywpsapt,updated,,remarks
2026-04-15T06:08:33.222Z,sr07,sales_rep,xlxrmsdetz,updated,,"meaningful_connect,lead_quality,call_status,lead_status,remarks"
2026-04-15T06:08:52.230Z,sr06,sales_rep,vvgu6gcdnn,updated,,"lead_status,lead_quality,call_status,remarks"
2026-04-15T06:09:54.942Z,sr07,sales_rep,4zcpmnabn7,updated,,remarks
2026-04-15T06:10:04.109Z,sr07,sales_rep,4zcpmnabn7,updated,,"meaningful_connect,lead_quality,call_status,lead_status"
2026-04-15T06:13:32.743Z,sr07,sales_rep,ebm10fxumo,updated,,"meaningful_connect,lead_quality,call_status,lead_status,remarks"
2026-04-15T06:18:33.238Z,sr07,sales_rep,ypaxvrh0yu,updated,,"meaningful_connect,lead_quality,call_status,lead_status"
2026-04-15T06:18:39.455Z,sr07,sales_rep,ypaxvrh0yu,updated,,remarks
2026-04-15T06:20:44.158Z,sr07,sales_rep,cf3cnewis6,updated,,"meaningful_connect,remarks"
2026-04-15T06:20:54.195Z,sr07,sales_rep,cf3cnewis6,updated,,call_status
2026-04-15T06:21:31.776Z,sr07,sales_rep,lb9qinaavc,updated,,"lead_status,call_status,lead_quality,meaningful_connect"
2026-04-15T06:21:39.547Z,sr07,sales_rep,lb9qinaavc,updated,,remarks
2026-04-15T06:23:37.031Z,sr07,sales_rep,atuy3afo4t,updated,,"remarks,meaningful_connect,call_status"
2026-04-15T06:25:12.337Z,sr07,sales_rep,lfwub3pqld,updated,,"remarks,meaningful_connect,lead_quality,call_status,lead_status"
2026-04-15T06:27:53.592Z,sr07,sales_rep,5bnji66jfi,updated,,"meaningful_connect,lead_quality,call_status,lead_status"
2026-04-15T06:28:00.439Z,sr07,sales_rep,5bnji66jfi,updated,,remarks
2026-04-15T06:29:12.269Z,sr07,sales_rep,22zi0xu3g2,updated,,"remarks,call_status"
2026-04-15T06:30:30.770Z,sr07,sales_rep,bmtu3wagqx,updated,,"call_status,remarks"
2026-04-15T06:30:48.718Z,sr09,sales_rep,hclqvwsehe,updated,,remarks
2026-04-15T06:32:28.012Z,sr09,sales_rep,zp2njsbie9,updated,,"remarks,lead_quality,lead_status"
2026-04-15T06:34:22.612Z,sr07,sales_rep,15rp7pg9ch,updated,,"call_status,remarks"
2026-04-15T06:34:52.675Z,sr09,sales_rep,f191gxq6xd,updated,,remarks
2026-04-15T06:35:54.534Z,sr09,sales_rep,gsmhbqdu5k,updated,,"remarks,next_followup_date"
2026-04-15T06:36:10.258Z,sr09,sales_rep,f191gxq6xd,updated,,next_followup_date
2026-04-15T06:37:02.265Z,sr09,sales_rep,d0j952txj7,updated,,"remarks,next_followup_date"
2026-04-15T06:38:06.700Z,sr09,sales_rep,ta0n82g1rk,updated,,"lead_status,remarks"
2026-04-15T06:38:40.097Z,sr09,sales_rep,hclqvwsehe,updated,,lead_status
2026-04-15T06:39:09.701Z,sr09,sales_rep,vec1m4f893,updated,,next_followup_date
2026-04-15T06:39:34.110Z,sr09,sales_rep,i6a2s7e4kf,updated,,"lead_status,lead_quality"
2026-04-15T06:41:05.853Z,sr07,sales_rep,rs52gj1oh2,updated,,"remarks,meaningful_connect,lead_quality,call_status,lead_status"
2026-04-15T06:41:47.982Z,sr07,sales_rep,6zpzwz0bux,updated,,"remarks,lead_status,call_status"
2026-04-15T06:42:24.449Z,sr09,sales_rep,ummiipghit,updated,,remarks
2026-04-15T06:43:06.846Z,sr07,sales_rep,wjiv0oubhr,updated,,"call_status,remarks"
2026-04-15T06:46:00.860Z,sr07,sales_rep,64d2etzhll,updated,,remarks
2026-04-15T06:47:43.483Z,sr07,sales_rep,nkhgcuz2o8,updated,,"remarks,call_status"
2026-04-15T06:49:11.534Z,sr07,sales_rep,f76qc4jiq9,updated,,"call_status,remarks"
2026-04-15T06:50:15.801Z,sr07,sales_rep,yn6qsswnve,updated,,"call_status,remarks"
2026-04-15T06:50:35.402Z,sr09,sales_rep,e4ga9miybs,updated,,"call_status,meaningful_connect,lead_quality,lead_status,remarks"
2026-04-15T06:56:28.854Z,sr09,sales_rep,s1z63oefq0,updated,,"next_followup_date,remarks,next_followup_time"
2026-04-15T06:56:41.901Z,sr09,sales_rep,s1z63oefq0,updated,,"call_status,meaningful_connect,lead_quality,lead_status"
2026-04-15T07:47:09.933Z,sr06,sales_rep,upjgwmugvt,updated,,"call_status,remarks"
2026-04-15T07:50:42.166Z,sr06,sales_rep,6g48bdchm6,updated,,remarks
2026-04-15T07:52:04.616Z,sr06,sales_rep,7udnyvxf95,updated,,"call_status,remarks"
2026-04-15T07:53:23.576Z,sr06,sales_rep,s59015j2qp,updated,,"lead_status,call_status,lead_quality,remarks"
2026-04-15T11:58:59.838Z,sr07,sales_rep,md6ndai4eo,updated,,remarks
2026-04-15T12:04:06.230Z,sr06,sales_rep,m55y7nz83k,updated,,"call_status,remarks"
2026-04-15T12:14:09.988Z,sr07,sales_rep,md6ndai4eo,updated,,"meaningful_connect,lead_quality,call_status,lead_status"
2026-04-15T12:16:25.218Z,sr06,sales_rep,1av3e5ex38,updated,,"lead_quality,call_status,remarks"
2026-04-15T12:16:45.209Z,sr07,sales_rep,8fu60ok73f,updated,,"call_status,remarks"
2026-04-15T12:20:24.690Z,sr07,sales_rep,k9qxa48757,updated,,"remarks,meaningful_connect,lead_quality,call_status,lead_status"
2026-04-15T12:21:55.918Z,sr06,sales_rep,kiotkauezp,updated,,"call_status,remarks"
2026-04-15T12:22:29.807Z,sr07,sales_rep,gpoolkde4o,updated,,"call_status,remarks"
2026-04-15T12:23:34.648Z,sr07,sales_rep,utfx9gi0fi,updated,,remarks
2026-04-15T12:23:39.592Z,sr07,sales_rep,utfx9gi0fi,updated,,call_status
2026-04-15T12:25:47.124Z,sr06,sales_rep,40y4cs836c,updated,,"call_status,remarks"
2026-04-15T12:26:47.921Z,sr06,sales_rep,p14m1c1dl8,updated,,"call_status,remarks"
2026-04-15T12:32:10.968Z,sr06,sales_rep,41q95j0hj5,updated,,"call_status,remarks"
2026-04-15T12:53:07.550Z,sr07,sales_rep,qx4r12v6i1,updated,,remarks
2026-04-15T12:53:20.065Z,sr07,sales_rep,qx4r12v6i1,updated,,"lead_status,lead_quality,meaningful_connect"
2026-04-15T12:54:03.372Z,sr07,sales_rep,qx4r12v6i1,updated,,call_status
2026-04-15T12:57:13.235Z,sr09,sales_rep,yrzac7sslq,updated,,remarks
2026-04-15T12:57:20.797Z,sr09,sales_rep,yrzac7sslq,updated,,next_followup_date
2026-04-15T13:01:18.093Z,sr09,sales_rep,4p2i1qjx1j,updated,,"remarks,call_status,lead_status,lead_quality,meaningful_connect,next_followup_date"
2026-04-15T13:03:23.066Z,sr09,sales_rep,g8f2ld9uci,updated,,"next_followup_date,call_status,remarks"
2026-04-15T13:41:06.384Z,sr07,sales_rep,thl0tdyunv,updated,,"remarks,call_status"
2026-04-15T13:42:06.666Z,sr07,sales_rep,xf4ht3kne9,updated,,"remarks,call_status"
2026-04-15T13:44:39.672Z,sr07,sales_rep,tbtijf4ypt,updated,,"call_status,remarks"
2026-04-15T13:50:29.596Z,sr09,sales_rep,kj10iy2xkz,updated,,remarks
2026-04-15T13:50:46.364Z,sr09,sales_rep,kj10iy2xkz,updated,,"next_followup_date,next_followup_time,call_status"
2026-04-15T13:51:48.047Z,sr09,sales_rep,glr89iuz1r,updated,,"remarks,call_status"
2026-04-15T14:01:51.351Z,sr09,sales_rep,en3ufz9r8n,updated,,"next_followup_date,lead_quality,meaningful_connect,call_status,lead_status,remarks"
2026-04-15T14:03:23.294Z,sr09,sales_rep,yf3bubzo2b,updated,,assigned_rep_id
2026-04-15T14:06:31.794Z,sr09,sales_rep,0cjohfodpd,updated,,"next_followup_date,remarks,call_status,next_followup_time"
2026-04-16T05:30:15.655Z,sr06,sales_rep,b0dgpu6ouj,updated,,"remarks,call_status"
2026-04-16T05:31:07.416Z,sr07,sales_rep,tabnx9jnbe,updated,,"remarks,call_status"
2026-04-16T05:32:36.312Z,sr06,sales_rep,q5va7flqpm,updated,,"call_status,remarks"
2026-04-16T05:33:20.753Z,sr07,sales_rep,1yaoikjulh,updated,,"remarks,call_status"
2026-04-16T06:00:19.192Z,sr07,sales_rep,5i6r0gf1qc,updated,,"remarks,meaningful_connect,lead_quality,call_status,lead_status,plan_option"
2026-04-16T06:19:06.696Z,sr06,sales_rep,bzg8b48zrb,updated,,"remarks,assigned_rep_id"
2026-04-16T06:22:50.249Z,sr09,sales_rep,bzg8b48zrb,updated,,"next_followup_date,remarks,call_status,meaningful_connect,lead_quality,lead_status,next_followup_time"
2026-04-16T06:30:19.662Z,sr06,sales_rep,3m74nlw8qb,updated,,"call_status,remarks"
2026-04-16T06:31:05.824Z,sr09,sales_rep,zp2njsbie9,updated,,lead_quality
2026-04-16T06:31:12.503Z,sr06,sales_rep,bks0vjxie8,updated,,"call_status,remarks"
2026-04-16T06:32:46.725Z,sr09,sales_rep,i6a2s7e4kf,updated,,lead_status
2026-04-16T06:33:32.009Z,sr07,sales_rep,gkgbx4vqp9,updated,,"remarks,meaningful_connect,lead_quality,call_status,lead_status,plan_option"
2026-04-16T06:33:43.838Z,sr09,sales_rep,f191gxq6xd,updated,,"remarks,lead_quality,lead_status"
2026-04-16T06:34:02.823Z,sr06,sales_rep,az1b4o750m,updated,,remarks
2026-04-16T06:34:47.738Z,sr09,sales_rep,nm12ntmn7b,updated,,next_followup_date
2026-04-16T06:35:54.041Z,sr07,sales_rep,i6g7atju21,updated,,"call_status,remarks"
2026-04-16T06:36:46.402Z,sr06,sales_rep,25byksxdbh,updated,,remarks
2026-04-16T06:37:11.091Z,sr09,sales_rep,vec1m4f893,updated,,remarks
2026-04-16T06:46:26.796Z,sr06,sales_rep,uwocl2ilsn,updated,,"lead_status,remarks"
2026-04-16T06:47:36.008Z,sr06,sales_rep,6ls0mlcvxr,updated,,"lead_status,call_status,remarks"
2026-04-16T06:47:52.174Z,sr07,sales_rep,hwvvy4gg3p,updated,,"remarks,call_status"
2026-04-16T06:48:35.073Z,sr06,sales_rep,6ls0mlcvxr,updated,,call_status
2026-04-16T06:49:56.976Z,sr06,sales_rep,g6i75wv391,updated,,remarks
2026-04-16T06:51:58.119Z,sr07,sales_rep,dp3cx47g0h,updated,,"remarks,meaningful_connect,lead_quality,call_status,lead_status"
2026-04-16T06:56:22.187Z,sr06,sales_rep,68sv4xb0dx,updated,,"lead_quality,call_status,lead_status,remarks"
2026-04-16T06:56:50.075Z,sr06,sales_rep,g6i75wv391,updated,,remarks
2026-04-16T06:57:19.973Z,sr06,sales_rep,68sv4xb0dx,updated,,remarks
2026-04-16T07:03:27.573Z,sr06,sales_rep,ywy1lgc18z,updated,,"call_status,remarks"
2026-04-16T08:19:36.935Z,sr07,sales_rep,wdk8rd0e8w,updated,,"meaningful_connect,lead_quality,call_status,lead_status,remarks"
2026-04-16T08:28:24.115Z,sr06,sales_rep,9yqpvef5xu,updated,,"remarks,call_status,lead_status,meaningful_connect,plan_option,next_followup_date,next_followup_time"
2026-04-16T08:28:46.096Z,sr06,sales_rep,8mp4gopg1i,updated,,lead_status
2026-04-16T08:34:41.701Z,sr07,sales_rep,gyl355n9vm,updated,,"call_status,remarks"
2026-04-16T08:35:36.785Z,sr07,sales_rep,610l6r934n,updated,,"remarks,call_status"
2026-04-16T08:41:41.091Z,sr06,sales_rep,ig2h62ut99,updated,,"lead_quality,call_status,lead_status,remarks"
2026-04-16T08:41:49.285Z,sr06,sales_rep,ig2h62ut99,updated,,remarks
2026-04-16T08:43:44.613Z,sr06,sales_rep,6qaeoc2ovo,updated,,"call_status,remarks"
2026-04-16T08:45:24.473Z,sr07,sales_rep,b54ws7lkil,updated,,"remarks,meaningful_connect,lead_quality,call_status,lead_status"
2026-04-16T08:47:12.038Z,sr07,sales_rep,uahrpcdm8f,updated,,"remarks,call_status"
2026-04-16T08:50:50.758Z,sr07,sales_rep,3pbumxfw3u,updated,,"call_status,remarks"
2026-04-16T08:51:14.578Z,sr06,sales_rep,spsjfu8qw9,updated,,"call_status,remarks"
2026-04-16T08:52:52.301Z,sr06,sales_rep,46cv7nwi5r,updated,,"call_status,remarks"
2026-04-16T08:54:09.830Z,sr07,sales_rep,sg0c0pwjrg,updated,,remarks
2026-04-16T08:54:17.602Z,sr07,sales_rep,sg0c0pwjrg,updated,,call_status
2026-04-16T08:54:58.225Z,sr06,sales_rep,00odwoqrfh,updated,,"lead_quality,call_status,remarks"
2026-04-16T08:56:45.095Z,sr07,sales_rep,ucqqus4mk7,updated,,"remarks,call_status"
2026-04-16T08:56:47.660Z,sr06,sales_rep,gynu0vqraf,updated,,remarks
2026-04-16T11:54:45.020Z,sr07,sales_rep,sxnm3pmlvn,updated,,"remarks,lead_quality,meaningful_connect,call_status,lead_status"
2026-04-16T11:58:58.851Z,sr07,sales_rep,hvp93rjmc7,updated,,"call_status,remarks"
2026-04-16T12:01:20.353Z,sr07,sales_rep,tdxeuqunt9,updated,,"remarks,call_status"
2026-04-16T12:02:37.593Z,sr07,sales_rep,wed9ib92l6,updated,,"remarks,call_status"
2026-04-16T12:04:12.761Z,sr07,sales_rep,hdnc7pnl2k,updated,,"remarks,meaningful_connect,lead_quality,lead_status,call_status"
2026-04-16T12:08:46.230Z,sr07,sales_rep,0auonaahni,updated,,"remarks,call_status"
2026-04-17T11:23:24.618Z,sr09,sales_rep,gsmhbqdu5k,updated,,"lead_status,remarks"
2026-04-17T11:24:02.475Z,sr09,sales_rep,vec1m4f893,updated,,"remarks,lead_quality,lead_status"
2026-04-17T11:24:07.280Z,sr09,sales_rep,vec1m4f893,updated,,call_status
2026-04-17T11:48:57.345Z,sr09,sales_rep,bzg8b48zrb,updated,,remarks
2026-04-17T11:49:20.064Z,sr09,sales_rep,mizk78dgcl,updated,,next_followup_date
2026-04-17T12:08:40.107Z,sr09,sales_rep,d0j952txj7,updated,,"meaningful_connect,lead_quality,lead_status,next_followup_date,remarks"
2026-04-17T12:11:00.609Z,sr09,sales_rep,pjk9tcyok9,updated,,"remarks,next_followup_date"
2026-04-17T12:11:54.330Z,sr09,sales_rep,ummiipghit,updated,,remarks
2026-04-17T12:16:27.975Z,sr09,sales_rep,s1z63oefq0,updated,,"remarks,lead_status,lead_quality"
2026-04-17T12:28:54.736Z,sr09,sales_rep,yrzac7sslq,updated,,"lead_quality,meaningful_connect,lead_status,remarks"
2026-04-17T12:30:45.795Z,sr09,sales_rep,e98g3c9t8z,updated,,"remarks,next_followup_date"
2026-04-17T12:31:42.973Z,sr09,sales_rep,4p2i1qjx1j,updated,,"remarks,lead_status"
2026-04-17T12:33:15.555Z,sr09,sales_rep,g8f2ld9uci,updated,,"call_status,lead_status,remarks"
2026-04-17T12:33:30.891Z,sr09,sales_rep,kj10iy2xkz,updated,,next_followup_date
2026-04-17T12:35:30.384Z,sr09,sales_rep,glr89iuz1r,updated,,"remarks,next_followup_date,meaningful_connect,lead_quality,call_status,lead_status"
2026-04-17T12:37:44.130Z,sr09,sales_rep,0cjohfodpd,updated,,"remarks,meaningful_connect,lead_quality,call_status,lead_status"
2026-04-17T12:39:04.383Z,sr09,sales_rep,wum77f7oub,updated,,"remarks,call_status"
2026-04-17T12:39:36.928Z,sr09,sales_rep,wum77f7oub,updated,,remarks
2026-04-17T12:42:02.237Z,sr09,sales_rep,8j53oc2xnf,updated,,"call_status,next_followup_date,remarks"
2026-04-21T10:12:23.848Z,sr07,sales_rep,00wpbd19wa,updated,,"remarks,call_status"
2026-04-21T10:37:06.305Z,sr07,sales_rep,515asjce12,updated,,remarks
2026-04-21T10:37:10.358Z,sr07,sales_rep,515asjce12,updated,,call_status
2026-04-21T10:37:55.949Z,sr07,sales_rep,5i6r0gf1qc,updated,,"remarks,lead_status"
2026-04-21T10:41:33.527Z,sr07,sales_rep,uih5qmv1t9,updated,,"remarks,lead_status,call_status"
2026-04-21T10:49:58.100Z,sr07,sales_rep,qgt0qxpph0,updated,,"remarks,call_status"
2026-04-21T11:27:28.998Z,sr09,sales_rep,vxldzoyr2i,updated,,"call_status,next_followup_date,next_followup_time,remarks"
2026-04-21T11:27:37.983Z,sr09,sales_rep,vxldzoyr2i,updated,,lead_status
2026-04-21T11:29:15.613Z,sr09,sales_rep,nm12ntmn7b,updated,,"next_followup_date,remarks"
2026-04-21T11:32:15.434Z,sr09,sales_rep,gsmhbqdu5k,updated,,remarks
2026-04-21T11:42:54.714Z,sr09,sales_rep,bzg8b48zrb,updated,,"remarks,next_followup_date"
2026-04-21T11:46:59.116Z,sr09,sales_rep,xh6zq7cifn,updated,,lead_quality
2026-04-21T11:53:51.859Z,sr09,sales_rep,xh6zq7cifn,updated,,"lead_status,next_followup_date,remarks"
2026-04-21T11:57:22.341Z,sr09,sales_rep,mizk78dgcl,updated,,"remarks,next_followup_date"
2026-04-21T12:01:23.918Z,sr09,sales_rep,d0j952txj7,updated,,"remarks,next_followup_date,call_status,lead_status"
2026-04-21T12:05:33.648Z,sr09,sales_rep,pjk9tcyok9,updated,,"remarks,next_followup_date"
2026-04-21T12:07:15.180Z,sr09,sales_rep,ummiipghit,updated,,remarks
2026-04-21T12:07:20.082Z,sr09,sales_rep,ummiipghit,updated,,next_followup_date
2026-04-21T12:10:11.039Z,sr09,sales_rep,e98g3c9t8z,updated,,"remarks,lead_status"
2026-04-21T12:10:14.512Z,sr09,sales_rep,e98g3c9t8z,updated,,next_followup_date
2026-04-21T12:11:14.354Z,sr09,sales_rep,wum77f7oub,updated,,"remarks,lead_status"
2026-04-21T12:12:24.750Z,sr09,sales_rep,8j53oc2xnf,updated,,"call_status,remarks,next_followup_date,next_followup_time"
2026-04-21T12:24:43.632Z,sr06,sales_rep,5hfmnnmmac,updated,,"remarks,meaningful_connect,lead_quality,call_status,assigned_rep_id,lead_status,next_followup_date,next_followup_time"
2026-04-21T12:34:10.985Z,sr06,sales_rep,j8qqhvl9nz,updated,,"assigned_rep_id,remarks"
2026-04-21T12:37:59.814Z,sr07,sales_rep,j11fk51qcc,updated,,"assigned_rep_id,remarks"
2026-04-21T12:40:51.117Z,sr07,sales_rep,u5vjwl4jwj,updated,,"assigned_rep_id,remarks,lead_status"
2026-04-21T12:42:02.824Z,sr07,sales_rep,nq0fq03o6p,updated,,"next_followup_date,next_followup_time"
2026-04-21T12:42:17.406Z,sr07,sales_rep,nq0fq03o6p,updated,,remarks
2026-04-21T12:42:22.479Z,sr07,sales_rep,nq0fq03o6p,updated,,assigned_rep_id
2026-04-21T12:46:50.908Z,sr09,sales_rep,lirdn01323,updated,,"next_followup_date,next_followup_time,remarks,call_status,lead_quality"
2026-04-21T12:51:35.995Z,sr09,sales_rep,r1bbn7i9a3,updated,,"meaningful_connect,lead_quality,call_status,lead_status,remarks"
2026-04-21T13:10:33.506Z,sr09,sales_rep,ydlbgwoyfx,updated,,"meaningful_connect,lead_quality,call_status,lead_status,remarks"
2026-04-21T13:14:47.087Z,sr09,sales_rep,eoywmxftu7,updated,,"call_status,next_followup_date,next_followup_time"
2026-04-21T13:14:58.775Z,sr09,sales_rep,eoywmxftu7,updated,,remarks
2026-04-21T13:22:04.536Z,sr09,sales_rep,52mprw9xsv,updated,,"meaningful_connect,lead_quality,call_status,lead_status,remarks"
2026-04-21T13:25:29.577Z,sr09,sales_rep,70g99q85k4,updated,,"call_status,remarks,next_followup_date,next_followup_time"
2026-04-21T14:01:37.037Z,sr09,sales_rep,7jap1l27ot,updated,,"call_status,next_followup_date,remarks"
2026-04-21T14:04:36.129Z,sr09,sales_rep,aktj7dp42j,updated,,"call_status,next_followup_date,remarks"
2026-04-21T14:06:31.989Z,sr09,sales_rep,orpstagexr,updated,,"remarks,call_status,next_followup_date"
2026-04-21T14:07:57.309Z,sr09,sales_rep,5xrl3ikbnq,updated,,"call_status,meaningful_connect,lead_quality,lead_status,remarks"
2026-04-21T14:09:05.054Z,sr09,sales_rep,ckmkp4xddt,updated,,"call_status,remarks"
2026-04-22T13:17:05.446Z,sr09,sales_rep,7jap1l27ot,updated,,"next_followup_date,remarks"
2026-04-22T13:18:44.945Z,sr09,sales_rep,aktj7dp42j,updated,,"next_followup_date,remarks"
2026-04-22T13:19:48.302Z,sr09,sales_rep,orpstagexr,updated,,"next_followup_date,remarks"
2026-04-22T13:20:56.389Z,sr09,sales_rep,lirdn01323,updated,,remarks
2026-04-22T13:21:20.008Z,sr09,sales_rep,lirdn01323,updated,,next_followup_date
2026-04-22T13:23:01.753Z,sr09,sales_rep,7jap1l27ot,updated,,"remarks,next_followup_time"
2026-04-22T13:23:21.983Z,sr09,sales_rep,7jap1l27ot,updated,,call_status
2026-04-22T13:24:04.928Z,sr09,sales_rep,8j53oc2xnf,updated,,"remarks,lead_status"
2026-04-22T13:24:44.021Z,sr09,sales_rep,mizk78dgcl,updated,,remarks
2026-04-22T13:25:00.446Z,sr09,sales_rep,mizk78dgcl,updated,,next_followup_date
2026-04-22T13:26:31.223Z,sr09,sales_rep,vxldzoyr2i,updated,,remarks
2026-04-22T13:26:45.599Z,sr09,sales_rep,vxldzoyr2i,updated,,"call_status,lead_status,next_followup_date"
2026-04-22T13:30:57.302Z,sr09,sales_rep,ummiipghit,updated,,"remarks,lead_status,lead_quality"
2026-04-22T13:32:39.737Z,sr09,sales_rep,pjk9tcyok9,updated,,"lead_status,remarks,lead_quality"
2026-04-22T13:32:51.186Z,sr09,sales_rep,ummiipghit,updated,,lead_quality
2026-04-22T13:33:31.115Z,sr09,sales_rep,e98g3c9t8z,updated,,"remarks,lead_status"
2026-04-22T13:43:53.672Z,sr09,sales_rep,eoywmxftu7,updated,,"remarks,lead_quality,lead_status,call_status,meaningful_connect"
2026-04-22T13:45:20.238Z,sr09,sales_rep,kj10iy2xkz,updated,,"remarks,next_followup_date"
2026-04-22T13:45:37.044Z,sr09,sales_rep,u5vjwl4jwj,updated,,next_followup_date
2026-04-22T13:47:44.512Z,sr09,sales_rep,ckmkp4xddt,updated,,"remarks,next_followup_date"
2026-04-22T13:48:45.617Z,sr09,sales_rep,5az9mgfnmh,updated,,next_followup_date
2026-04-22T13:48:54.421Z,sr09,sales_rep,5az9mgfnmh,updated,,"call_status,remarks"
2026-04-22T13:49:34.272Z,sr09,sales_rep,j2fa78x7y4,updated,,"next_followup_date,call_status,remarks"
2026-04-22T13:51:05.877Z,sr09,sales_rep,viifv3yoba,updated,,remarks
2026-04-22T13:51:58.960Z,sr09,sales_rep,l6hlpcixsh,updated,,"call_status,remarks"
2026-04-22T13:52:11.330Z,sr09,sales_rep,viifv3yoba,updated,,lead_status
2026-04-23T11:21:05.837Z,sr09,sales_rep,en3ufz9r8n,updated,,lead_status
2026-04-23T11:21:25.884Z,sr09,sales_rep,d0j952txj7,updated,,lead_status
2026-04-23T11:21:34.193Z,sr09,sales_rep,nm12ntmn7b,updated,,lead_status
2026-04-23T12:06:25.590Z,sr07,sales_rep,pat7jnoq3s,updated,,"meaningful_connect,lead_quality,call_status,lead_status,remarks"
2026-04-23T12:06:49.999Z,sr07,sales_rep,07vmx5l6q7,updated,,call_status
2026-04-23T12:09:51.145Z,sr09,sales_rep,u5vjwl4jwj,updated,,"remarks,next_followup_date,meaningful_connect,call_status,lead_status"
2026-04-23T12:09:56.171Z,sr09,sales_rep,u5vjwl4jwj,updated,,lead_status
2026-04-23T12:11:04.916Z,sr07,sales_rep,bh00bhn4tm,updated,,"remarks,call_status,meaningful_connect,lead_quality,lead_status"
2026-04-23T12:13:43.230Z,sr09,sales_rep,aktj7dp42j,updated,,"call_status,remarks"
2026-04-23T12:13:58.903Z,sr09,sales_rep,aktj7dp42j,updated,,lead_status
2026-04-23T12:14:51.274Z,sr09,sales_rep,orpstagexr,updated,,"lead_status,remarks"
2026-04-23T12:36:32.595Z,sr09,sales_rep,ckmkp4xddt,updated,,"next_followup_date,remarks"
2026-04-23T12:36:42.431Z,sr09,sales_rep,ckmkp4xddt,updated,,"lead_quality,meaningful_connect,call_status,lead_status"
2026-04-23T12:37:48.258Z,sr09,sales_rep,5az9mgfnmh,updated,,"remarks,next_followup_date"
2026-04-23T12:41:33.557Z,sr09,sales_rep,j2fa78x7y4,updated,,remarks
2026-04-23T12:41:38.289Z,sr09,sales_rep,j2fa78x7y4,updated,,lead_status
2026-04-23T12:42:03.277Z,sr09,sales_rep,7jap1l27ot,updated,,next_followup_date
2026-04-23T13:13:06.514Z,sr07,sales_rep,si9suqfsz8,updated,,"remarks,meaningful_connect,lead_quality,call_status,lead_status"
2026-04-23T13:43:08.980Z,sr07,sales_rep,yotkb73fjf,updated,,"remarks,meaningful_connect,lead_quality,call_status,lead_status"
2026-04-23T13:44:24.840Z,sr07,sales_rep,yr2auztaxf,updated,,"meaningful_connect,lead_quality,call_status,lead_status,remarks"
2026-04-27T07:30:13.671Z,sr09,sales_rep,en3ufz9r8n,updated,,lead_status
2026-04-27T07:34:56.726Z,sr09,sales_rep,ydlbgwoyfx,updated,,lead_status
2026-04-27T07:35:08.116Z,sr09,sales_rep,eoywmxftu7,updated,,lead_status
2026-04-27T10:09:03.808Z,sr07,sales_rep,3rtlr3if1c,updated,,"remarks,meaningful_connect,lead_quality,call_status,lead_status"
2026-04-27T10:09:53.531Z,sr07,sales_rep,cmh1wo6rc2,updated,,"remarks,meaningful_connect,lead_quality,call_status,lead_status"
2026-04-27T10:10:34.840Z,sr07,sales_rep,k6tbyevg16,updated,,"remarks,call_status"
2026-04-27T10:11:43.938Z,sr07,sales_rep,yc2ufz8ovi,updated,,"meaningful_connect,call_status,remarks"
2026-04-27T10:15:55.629Z,sr07,sales_rep,4ozmbh3tbq,updated,,"remarks,meaningful_connect,lead_quality,call_status,lead_status"
2026-04-27T10:27:38.159Z,sr07,sales_rep,as3t3q3ggb,updated,,"remarks,meaningful_connect,lead_quality,call_status,lead_status"
